Id,Code,Name
8560fc70-50e0-4404-9dec-d2339a765030,110,\u6570\u5b66
a46b82f4-43bf-49d6-9cd0-9473b7fe533e,11011,\u6570\u5b66\u53f2
7ca74802-5df1-42cb-967e-840e257998ab,11014,\u6570\u7406\u903b\u8f91\u4e0e\u6570\u5b66\u57fa\u7840
2ea823e7-a639-41a9-bc61-a367b8ba3881,11017,\u6570\u8bba
d026f906-d189-436a-8d40-b2007c7b1fdb,11021,\u4ee3\u6570\u5b66
92d80757-3bde-443a-b828-0042a12221f4,11024,\u4ee3\u6570\u51e0\u4f55\u5b66
5cd93e27-1de8-4228-a79d-bf4fa8ae44aa,11027,\u51e0\u4f55\u5b66
a3d4f3f9-335e-4c65-8c00-e632a878320d,11031,\u62d3\u6251\u5b66
3cc2d459-0d37-4797-80da-eca16d8ea662,11034,\u6570\u5b66\u5206\u6790
1ef7575d-2a0e-485e-a80e-ae7f9482fee4,11037,\u975e\u6807\u51c6\u5206\u6790
d75f98d0-a40c-4d84-95cd-5aca4039d433,11041,\u51fd\u6570\u8bba
3d22969e-05bc-451f-be81-833dbecb042b,11044,\u5e38\u5fae\u5206\u65b9\u7a0b
7abf9172-7903-467c-b460-f5a278e24e77,11047,\u504f\u5fae\u5206\u65b9\u7a0b
242d50e8-f847-4ca9-b5ae-05039caf9dc7,11051,\u52a8\u529b\u7cfb\u7edf
bd8619f3-2d05-4273-ae02-af8c75ea5dce,11054,\u79ef\u5206\u65b9\u7a0b
fdc31f6a-1893-4b8c-9c4e-d2164b71c778,11057,\u6cdb\u51fd\u5206\u6790
5b0dc45e-0ba5-48a8-b766-39333083a280,11061,\u8ba1\u7b97\u6570\u5b66
3cfb5474-89d1-4fdb-8869-f0cc8b242f61,11064,\u6982\u7387\u8bba
5ce634d0-49e2-4dcb-96ba-50f8ca43e1a1,11067,\u6570\u7406\u7edf\u8ba1\u5b66
2726d99f-f93f-4f97-b203-16ef54d973f6,11071,\u5e94\u7528\u7edf\u8ba1\u6570\u5b66
aa127a2d-dc65-4876-affb-d073ddfc7448,11074,\u8fd0\u7b79\u5b66
5c924c4e-3414-438f-a312-086343a56f6f,11077,\u7ec4\u5408\u6570\u5b66
e76b0162-62e1-467a-b95d-4de2546cd8fc,11081,\u79bb\u6563\u6570\u5b66
b9c2a2b6-fe56-40fc-94d6-6b385c7681d6,11084,\u6a21\u7cca\u6570\u5b66
f7fa5fc2-c18b-4c00-af03-5eab285eb5a0,11085,\u8ba1\u7b97\u673a\u6570\u5b66
a5edcc7e-019d-4a72-984c-17517fa35a81,11087,\u5e94\u7528\u6570\u5b66
c525f4a4-5e9d-4bce-95be-3c4dc9305888,11099,\u6570\u5b66\u5176\u4ed6\u5b66\u79d1
b95afa22-c360-473d-8e32-53c71caa045f,120,\u4fe1\u606f\u79d1\u5b66\u4e0e\u7cfb\u7edf\u79d1\u5b66
37370b84-3efe-43d9-b740-df08c494b608,12010,\u4fe1\u606f\u79d1\u5b66\u4e0e\u7cfb\u7edf\u79d1\u5b66\u57fa\u7840\u5b66\u79d1
7a69dc7a-1594-40e0-af96-f02593e622bb,12020,\u7cfb\u7edf\u5b66
60339d3d-acc2-46f6-9977-098edf41dd9c,12030,\u63a7\u5236\u7406\u8bba
a6d165c6-1031-4d00-bcc9-205ed9bfe744,12040,\u7cfb\u7edf\u8bc4\u4f30\u4e0e\u53ef\u884c\u6027\u5206\u6790
04cb53cf-dd35-4be8-a0e8-53d146e7f517,12050,\u7cfb\u7edf\u5de5\u7a0b\u65b9\u6cd5\u8bba
2d940f71-bc1c-4376-9dab-97e4469eecfe,12099,\u4fe1\u606f\u79d1\u5b66\u4e0e\u7cfb\u7edf\u79d1\u5b66\u5176\u4ed6\u5b66\u79d1
2032e321-785b-4289-8465-d86fbb7b2ca4,130,\u529b\u5b66
93a70778-9fb8-434f-8151-ea04be10366c,13010,\u57fa\u7840\u529b\u5b66
a27015c7-936a-4bc3-a455-b0d1e2af8fbe,13015,\u56fa\u4f53\u529b\u5b66
4b123b73-3ab0-4558-95b2-a4c94173c744,13020,\u632f\u52a8\u4e0e\u6ce2
a5440b15-50e6-4a34-8a6d-d1681d251bf4,13025,\u6d41\u4f53\u529b\u5b66
952c92dc-06eb-4700-b0dc-91922f45a323,13030,\u6d41\u53d8\u5b66
76b533e4-9e91-4388-9adf-5c4a51b3e8cb,13035,\u7206\u70b8\u529b\u5b66
3cd05459-4626-44b1-80fa-50cd1fef0289,13040,\u7269\u7406\u529b\u5b66
73038148-6c02-4cf2-9651-17b08efaf431,13041,\u751f\u7269\u529b\u5b66
2f900837-35c1-407f-b9a9-2c156ad707df,13045,\u7edf\u8ba1\u529b\u5b66
f367c5e0-9bff-477e-82eb-a28124c5140d,13050,\u5e94\u7528\u529b\u5b66
9b4fec7a-c65d-4622-aa2c-9edeb0796ee8,13099,\u529b\u5b66\u5176\u4ed6\u5b66\u79d1
0972350a-a207-4302-928c-cf6db326dac9,140,\u7269\u7406\u5b66
0e947f29-74ed-44cf-a187-265d71ef2ea7,14010,\u7269\u7406\u5b66\u53f2
49e465a8-8e8e-4aba-a0c9-119cfd2846ec,14015,\u7406\u8bba\u7269\u7406\u5b66
43d0b23b-ccf5-40c6-94b9-6fdb2f442faa,14020,\u58f0\u5b66
c36fb09b-339b-4b28-a7b5-f98160558893,14025,\u70ed\u5b66
33775929-9b88-4a62-bdb1-e0e2f7064823,14030,\u5149\u5b66
18eea709-9bb0-4484-8cb2-db5004195ecf,14035,\u7535\u78c1\u5b66
6535cff4-8d74-4985-8543-43b5a5a94c7d,14040,\u65e0\u7ebf\u7535\u7269\u7406
1628e928-5ec2-4bc1-8a56-1b33b0421a05,14045,\u7535\u5b50\u7269\u7406\u5b66
d970eb82-21c0-4e2d-b3c4-c8428241206c,14050,\u51dd\u805a\u6001\u7269\u7406\u5b66
58cd2368-0cfe-46c3-8513-ff6b2ca84cb4,14055,\u7b49\u79bb\u5b50\u4f53\u7269\u7406\u5b66
8f1029d4-5dcd-4b6e-9630-e1c34ac94769,14060,\u539f\u5b50\u5206\u5b50\u7269\u7406\u5b66
bbb4de3b-7864-4e59-81f4-c9bf9574c4d1,14065,\u539f\u5b50\u6838\u7269\u7406\u5b66
d4268fdb-699e-46ae-81cd-86715f34a89a,14070,\u9ad8\u80fd\u7269\u7406\u5b66
049ed8e2-d658-43e7-9baa-0d42a254a8a5,14075,\u8ba1\u7b97\u7269\u7406\u5b66
fa0b6514-3e2e-4c2a-ac27-f1af997fbffc,14080,\u5e94\u7528\u7269\u7406\u5b66
735ba2b6-c364-429c-9343-c5a45387af09,14099,\u7269\u7406\u5b66\u5176\u4ed6\u5b66\u79d1
7dc64048-2f1d-4c47-b449-1f0ef90d1fb9,150,\u5316\u5b66
0b45efb7-341c-4400-bded-ecb5c0cd8b16,15010,\u5316\u5b66\u53f2
a4cc5c4e-9f1b-4634-b63b-44d4181766eb,15015,\u65e0\u673a\u5316\u5b66
4ac581b4-3aac-44b8-a756-bd855df335fb,15020,\u6709\u673a\u5316\u5b66
c05318c7-0ced-4534-b517-9f13311b80f2,15025,\u5206\u6790\u5316\u5b66
76cb633e-8ebf-4db4-bd9e-92dd9ecd9fb0,15030,\u7269\u7406\u5316\u5b66
a61696a5-cc35-4ee5-ab93-7edf5d71d059,15035,\u5316\u5b66\u7269\u7406\u5b66
61d66077-8edb-48ff-b76f-ab4a44e22b5c,15040,\u9ad8\u5206\u5b50\u7269\u7406
8848f2cb-2e6b-4e18-ab73-6c5f644ec68a,15045,\u9ad8\u5206\u5b50\u5316\u5b66
6330f0cd-3be4-4073-bcea-15c859f320b2,15050,\u6838\u5316\u5b66
63455748-61dd-4e8e-81ae-8581a27dc3f4,15055,\u5e94\u7528\u5316\u5b66
9cbc96d0-9029-4c5b-93ea-a758697b9d37,15060,\u5316\u5b66\u751f\u7269\u5b66
cad521e4-9f90-4c56-b2c8-589b855a68ec,15065,\u6750\u6599\u5316\u5b66
37d92cbb-abe4-4ef1-9c2d-3e1bb168a1d1,15099,\u5316\u5b66\u5176\u4ed6\u5b66\u79d1
a4939651-b60d-4070-a4a1-7a56e4730631,160,\u5929\u6587\u5b66
ac1ecf51-78c0-4b91-8986-0d30e6420e0a,16010,\u5929\u6587\u5b66\u53f2
26a9fc4f-fe07-4e31-99aa-9205d4e9f84b,16015,\u5929\u4f53\u529b\u5b66
22c1e2a1-0f47-4b7f-8e81-0f8ba000968d,16020,\u5929\u4f53\u7269\u7406\u5b66
3f66e548-5cad-4182-abbe-acc25de26b31,16025,\u5b87\u5b99\u5316\u5b66
c9573975-0827-4b99-9632-c1a9fc2bd82f,16030,\u5929\u4f53\u6d4b\u91cf\u5b66
9be15bc9-4b2c-4b93-b550-9b49ef4d473c,16035,\u5c04\u7535\u5929\u6587\u5b66
2632f2b2-9c3c-42fd-a661-aab18f57da3d,16040,\u7a7a\u95f4\u5929\u6587\u5b66
5fdbaac5-aba6-43c0-a0a0-9e29d54bcf86,16045,\u5929\u4f53\u6f14\u5316\u5b66
c7d1e434-80d2-4da2-b38b-6973ebb20311,16050,\u661f\u7cfb\u4e0e\u5b87\u5b99\u5b66
e94974ad-837c-4c47-86a1-ba612ffc489d,16055,\u6052\u661f\u4e0e\u94f6\u6cb3\u7cfb
4ac3bbe2-fcea-47d1-9bf9-9f21a6922a19,16060,\u592a\u9633\u4e0e\u592a\u9633\u7cfb
68417a6b-3732-4a1f-a421-dd7e3de50a4b,16065,\u5929\u4f53\u751f\u7269\u5b66
4919536b-bdd1-4813-b811-854b475ab9bf,16070,\u5929\u6587\u5730\u7403\u52a8\u529b\u5b66
269126a3-5550-4ab5-b3e6-2f90fef3de66,16075,\u65f6\u95f4\u6d4b\u91cf\u5b66
f3031bbb-958c-4956-a5f4-137b169d6ed3,16099,\u5929\u6587\u5b66\u5176\u4ed6\u5b66\u79d1
6947379f-b10f-455f-82c8-76dfae9cb4a7,170,\u5730\u7403\u79d1\u5b66
709ce342-5755-4bc5-a355-28f043495b9a,17010,\u5730\u7403\u79d1\u5b66\u53f2
9d7bbde6-0ad2-4d08-868d-789bdcba676b,17015,\u5927\u6c14\u79d1\u5b66
460d9a48-8bbd-44e5-8b8c-167bbe4726d4,17020,\u56fa\u4f53\u5730\u7403\u7269\u7406\u5b66
158a6ba8-2d25-4042-9ba9-0888a1578e0e,17025,\u7a7a\u95f4\u7269\u7406\u5b66
43343613-a843-457b-9f06-d6fcd86958e8,17030,\u5730\u7403\u5316\u5b66
8856eee5-b413-4aa0-91b9-bd436d5ef5a6,17035,\u5927\u5730\u6d4b\u91cf\u5b66
f07de7de-8307-4b59-8011-3492eb864faf,17040,\u5730\u56fe\u5b66
ff2daf21-6c5e-4eba-bd86-1ec65c80eb34,17045,\u5730\u7406\u5b66
4f26713b-9cf0-4167-8049-bf639133f6eb,17050,\u5730\u8d28\u5b66
23557880-4394-4018-8d27-e4df6fc4fc9d,17055,\u6c34\u6587\u5b66
4e7dedd4-bf1f-4548-acbc-4900bbfa2f10,17060,\u6d77\u6d0b\u79d1\u5b66
5a4f5e82-fd41-4e83-880f-3369d46f227e,17099,\u5730\u7403\u79d1\u5b66\u5176\u4ed6\u5b66\u79d1
1bdbe91a-fd7a-475d-aaf8-430d6c611289,180,\u751f\u7269\u5b66
cf6ff1a2-ce75-4341-beec-ec35580c7b62,18011,\u751f\u7269\u6570\u5b66
05aa9cfb-dca4-4127-a870-008c016cc5df,18014,\u751f\u7269\u7269\u7406\u5b66
284e677b-de7f-465b-8563-1a91c2792d5a,18017,\u751f\u7269\u5316\u5b66
41d2b732-c0ec-4658-b53d-863036c145ad,18021,\u7ec6\u80de\u751f\u7269\u5b66
915375b1-43d8-4c21-a1bf-23ae409a35c1,18022,\u514d\u75ab\u5b66
1acf0ca2-737d-4cec-a7ca-be0d567e6d94,18024,\u751f\u7406\u5b66
1bfa6161-3aa1-45e0-a982-400e2848fc8f,18027,\u53d1\u80b2\u751f\u7269\u5b66
b3a507cb-80ed-4704-aa3a-da0b1b9f70f0,18031,\u9057\u4f20\u5b66
d830888b-92d8-4943-be8d-c786aae751f9,18034,\u653e\u5c04\u751f\u7269\u5b66
7c717aae-bb97-47ea-b939-e57afe41eeca,18037,\u5206\u5b50\u751f\u7269\u5b66
71dc8cd5-8c21-4a72-87b9-fa217ba32df5,18039,\u4e13\u9898\u751f\u7269\u5b66\u7814\u7a76
3f0d787c-b97d-4fbb-8664-c8f7150c88e8,18041,\u751f\u7269\u8fdb\u5316\u8bba
6efbbae1-60a9-48ca-a700-f990e488a6f4,18044,\u751f\u6001\u5b66
a625fbb8-3916-4686-92e3-77d318bf1813,18047,\u795e\u7ecf\u751f\u7269\u5b66
f419e368-63cd-43b6-9064-be4582a75634,18051,\u690d\u7269\u5b66
c26bd439-60b8-46bd-8818-67534fbe41dd,18054,\u6606\u866b\u5b66
c5f0c822-0a3b-4c97-af01-2dec864cf6c6,18057,\u52a8\u7269\u5b66
2b56ec33-cd01-43be-a23c-4baa5793ee29,18061,\u5fae\u751f\u7269\u5b66
3e36f082-bdd8-417f-9e90-7c9281e5cb3a,18064,\u75c5\u6bd2\u5b66
1f7af62c-8494-4888-a7e8-43019c175eda,18067,\u4eba\u7c7b\u5b66
c801a568-e578-4ed1-b0ca-030bf4b1d2d3,18099,\u751f\u7269\u5b66\u5176\u4ed6\u5b66\u79d1
c9431e31-3dc3-4673-93d0-fe1f47b169b2,190,\u5fc3\u7406\u5b66
55ff01c9-11ac-4b0f-a07a-a4132013265f,19010,\u5fc3\u7406\u5b66\u53f2
912e7366-2a37-4570-bbe7-fd4b708a7f93,19015,\u8ba4\u77e5\u5fc3\u7406\u5b66
186eba04-1280-4a7e-9de7-cccfee585590,19020,\u793e\u4f1a\u5fc3\u7406\u5b66
36098ba9-3aac-4353-b695-2622ef8eae87,19025,\u5b9e\u9a8c\u5fc3\u7406\u5b66
5f9071f2-00d2-4147-8b76-2ba72fec789f,19030,\u53d1\u5c55\u5fc3\u7406\u5b66
c17da607-1ba0-4e88-9761-e87a0e58a96b,19040,\u533b\u5b66\u5fc3\u7406\u5b66
ba464e38-350a-4c39-a1ff-11570959ece9,19041,\u4eba\u683c\u5fc3\u7406\u5b66
3bd9b5bc-b520-4b33-842a-1bae122107e7,19042,\u4e34\u5e8a\u4e0e\u54a8\u8be2\u5fc3\u7406\u5b66
98037dde-9814-4d25-83ad-646b882ae7d4,19045,\u5fc3\u7406\u6d4b\u91cf
ac6e595b-70f9-4a90-842d-1c44346f3bc6,19046,\u5fc3\u7406\u7edf\u8ba1
a6ea6cda-a47c-4ddb-a85a-b4200b0a4bd2,19050,\u751f\u7406\u5fc3\u7406\u5b66
4235c51e-8bcf-4bb7-8b39-6c356bccfc20,19055,\u5de5\u4e1a\u5fc3\u7406\u5b66
3dbc2240-3d6b-4378-8485-81f48e4c8eee,19060,\u7ba1\u7406\u5fc3\u7406\u5b66
2122cf2d-e131-451c-b6b9-9303cff22f6f,19065,\u5e94\u7528\u5fc3\u7406\u5b66
3b25633b-238a-405c-8b83-82cc8608e6dd,19070,\u6559\u80b2\u5fc3\u7406\u5b66
26961998-f3b9-4e2f-83ec-8c15863ce105,19075,\u6cd5\u5236\u5fc3\u7406\u5b66
1caf353b-8407-4c16-a54d-d80a8e2c0a6f,19099,\u5fc3\u7406\u5b66\u5176\u4ed6\u5b66\u79d1
c1555125-0708-4861-8caf-a6e3e56b2bf3,210,\u519c\u5b66
d960bed7-a707-4f13-9bd0-4106a8dece05,21010,\u519c\u4e1a\u53f2
3d939a57-efdc-4808-96e3-2df418f02150,21020,\u519c\u4e1a\u57fa\u7840\u5b66\u79d1
40f35ad8-baa7-4ae5-bdb5-9ba33f4e7bc6,21030,\u519c\u827a\u5b66
805b5d75-3a9e-4ac0-8753-5f7d326c084b,21040,\u56ed\u827a\u5b66
f48e0a2c-b8f1-419a-a36a-040d103493b7,21045,\u519c\u4ea7\u54c1\u8d2e\u85cf\u4e0e\u52a0\u5de5
653b8fef-6bc4-4147-9b1b-201621a1c0e9,21050,\u571f\u58e4\u5b66
0d91462d-e40a-43f7-a44f-d0e46cdd2f38,21060,\u690d\u7269\u4fdd\u62a4\u5b66
ec09d81a-be74-42cb-a33f-763022cfe359,21099,\u519c\u5b66\u5176\u4ed6\u5b66\u79d1
f325be67-0758-44aa-85ac-77c550b81657,220,\u6797\u5b66
f0407e80-69f8-416e-b53b-016dd74daa93,22010,\u6797\u4e1a\u57fa\u7840\u5b66\u79d1
9270a9a8-f227-434e-ab72-76b678b61d7a,22015,\u6797\u6728\u9057\u4f20\u80b2\u79cd\u5b66
797579ab-9532-4d74-8306-b76653ad8a09,22020,\u68ee\u6797\u57f9\u80b2\u5b66
c77ef8ad-73ba-4cdc-8017-7298a7c0670e,22025,\u68ee\u6797\u7ecf\u7406\u5b66
ef06bfe7-87c1-4e22-9050-f240e10bd34f,22030,\u68ee\u6797\u4fdd\u62a4\u5b66
a33e920f-7111-493b-80bb-0168da9401b4,22035,\u91ce\u751f\u52a8\u7269\u4fdd\u62a4\u4e0e\u7ba1\u7406
84c7fc0a-5899-434f-b16f-de10d73a8937,22040,\u9632\u62a4\u6797\u5b66
06f8ff63-8758-470a-9508-ec51c227b220,22045,\u7ecf\u6d4e\u6797\u5b66
801ea118-ea4a-4850-946f-80ec8571a143,22050,\u56ed\u6797\u5b66
07039d42-6abf-4cfd-8dae-20dd0252376e,22055,\u6797\u4e1a\u5de5\u7a0b
ae025258-9c74-4544-a1a3-365713630253,22060,\u68ee\u6797\u7edf\u8ba1\u5b66
93a5c454-c656-4532-a0a5-ddc7e39d0bfd,22065,\u6797\u4e1a\u7ecf\u6d4e\u5b66
40c61912-ef63-4d6a-9c70-7bc870d9f820,22099,\u6797\u5b66\u5176\u4ed6\u5b66\u79d1
2514c13e-180b-4521-992e-6bc26ea11bc6,230,\u755c\u7267\u3001\u517d\u533b\u79d1\u5b66
bd96a0c8-a425-4954-baac-39e93ee45fab,23010,\u755c\u7267\u3001\u517d\u533b\u79d1\u5b66\u57fa\u7840\u5b66\u79d1
0c61f90b-9241-4593-aeea-32ca111d6e05,23020,\u755c\u7267\u5b66
a01d9741-3717-4b34-8b9c-35492307e867,23030,\u517d\u533b\u5b66
8c6c80b5-67c7-4871-883f-444a8aed7f9f,23099,\u755c\u7267\u3001\u517d\u533b\u79d1\u5b66\u5176\u4ed6\u5b66\u79d1
b8304ed6-7c53-44e3-a043-5d6fb29e3327,240,\u6c34\u4ea7\u5b66
2500a191-1358-4e8d-afb6-b0a6aad29424,24010,\u6c34\u4ea7\u5b66\u57fa\u7840\u5b66\u79d1
4ec71990-d1cc-4297-b6b2-a037fef5dc14,24015,\u6c34\u4ea7\u589e\u6b96\u5b66
89ecea8f-481a-486b-87ff-fc46f6c45ce9,24020,\u6c34\u4ea7\u517b\u6b96\u5b66
c027d42f-e4c0-48e7-b518-5f9f34ead38e,24025,\u6c34\u4ea7\u9972\u6599\u5b66
2cc2e3cc-8778-496f-9ecf-c3f5122c742b,24030,\u6c34\u4ea7\u4fdd\u62a4\u5b66
6ff00614-1e6e-4e11-8e36-45cdf9fc0a8d,24035,\u6355\u635e\u5b66
d61bdde0-db0d-4b14-be27-c989fadb4a31,24040,\u6c34\u4ea7\u54c1\u8d2e\u85cf\u4e0e\u52a0\u5de5
f0f4e5b8-ecd4-4e6d-b637-2e11056bee63,24045,\u6c34\u4ea7\u5de5\u7a0b\u5b66
9dc716d0-24f5-4fdd-86a3-d5c66b5d1dde,24050,\u6c34\u4ea7\u8d44\u6e90\u5b66
625a5351-1b69-4ecf-abc6-6aabe5d6b6e4,24055,\u6c34\u4ea7\u7ecf\u6d4e\u5b66
313ab67c-dad9-4a82-82bb-dbac34c7f4d3,24099,\u6c34\u4ea7\u5b66\u5176\u4ed6\u5b66\u79d1
b7658b0c-632e-4d4d-ac91-fb285ea8a865,310,\u57fa\u7840\u533b\u5b66
3e5d34b7-b460-4f8e-aa7e-5611bb4aa559,31010,\u533b\u5b66\u53f2
0c24aa0b-3cff-4545-a16c-ac9cb65a46b6,31011,\u533b\u5b66\u751f\u7269\u5316\u5b66
be4f1d1d-7fa8-4756-8110-2d7143ee6604,31014,\u4eba\u4f53\u89e3\u5256\u5b66
e8b65d04-b811-406b-8c8c-5965c50f0f87,31017,\u533b\u5b66\u7ec6\u80de\u751f\u7269\u5b66
338897c5-08b7-4250-bb0f-ceb72750d20b,31021,\u4eba\u4f53\u751f\u7406\u5b66
08d17562-ac09-44d2-9a2b-1ac58d99513a,31024,\u4eba\u4f53\u7ec4\u7ec7\u80da\u80ce\u5b66
7101eb02-371f-42c1-a823-5e9ac5ff095d,31027,\u533b\u5b66\u9057\u4f20\u5b66
423d7a2c-2a05-4856-82cb-f953af76a8c2,31031,\u653e\u5c04\u533b\u5b66
b6cc06f2-2378-4ab9-899f-48552019fd5e,31034,\u4eba\u4f53\u514d\u75ab\u5b66
41b21344-0a03-4393-bb6f-3ba4515452c7,31037,\u533b\u5b66\u5bc4\u751f\u866b\u5b66
b955408c-e97f-4f44-8f89-ec0a152b18dc,31041,\u533b\u5b66\u5fae\u751f\u7269\u5b66
6cdcc0d2-e8a1-4825-99da-5cebdb7abe2a,31044,\u75c5\u7406\u5b66
a1b77a4a-fe9c-4a21-b954-8e16081bd42c,31047,\u836f\u7406\u5b66
ccf14b47-a94f-49a7-a7b0-cb7a7f670e90,31051,\u533b\u5b66\u5b9e\u9a8c\u52a8\u7269\u5b66
efcb5052-7986-4d68-8f9c-e677b9ddff1e,31057,\u533b\u5b66\u7edf\u8ba1\u5b66
063b77f4-4539-46ca-a05f-178c1d7c087c,31099,\u57fa\u7840\u533b\u5b66\u5176\u4ed6\u5b66\u79d1
b7e0e579-292a-4a57-bdab-b32450006982,320,\u4e34\u5e8a\u533b\u5b66
a0d56d90-82e4-4f4f-ab13-9137f2b25303,32011,\u4e34\u5e8a\u8bca\u65ad\u5b66
d25c4fcf-0c7c-4c7a-a1a1-a41eeaee9a75,32014,\u4fdd\u5065\u533b\u5b66
086391df-ac6e-40c4-b8d8-edcf7c281751,32017,\u7406\u7597\u5b66
febb86b8-65e3-4a0c-a6df-57634c12ab3c,32021,\u9ebb\u9189\u5b66
d033f88d-3599-46cc-9fd8-29ebcd3fabcc,32024,\u5185\u79d1\u5b66
5ec76b15-aa6b-4867-a2ae-7bb22708f41e,32027,\u5916\u79d1\u5b66
feed3fb3-dc79-46f7-9a56-8cb7bdd7ae15,32031,\u5987\u4ea7\u79d1\u5b66
0625ac5c-a584-4978-8f16-354dd0580d83,32034,\u513f\u79d1\u5b66
35efca6f-72cb-4060-a074-780df833b667,32037,\u773c\u79d1\u5b66
3283ffb9-698e-42b9-a067-b90a154c99bb,32041,\u8033\u9f3b\u54bd\u5589\u79d1\u5b66
86f1a34a-267a-47db-8ed0-25ccab7cd72f,32044,\u53e3\u8154\u533b\u5b66
07c57b32-0c40-4123-8851-e2abe77f23c5,32047,\u76ae\u80a4\u75c5\u5b66
c87399ca-2d9a-4275-982b-2d7b3ee1731f,32051,\u6027\u533b\u5b66
4d1397a9-9275-47f1-9106-5e85afae489b,32054,\u795e\u7ecf\u75c5\u5b66
55217927-9c97-4d2d-b042-9bf92315361a,32057,\u7cbe\u795e\u75c5\u5b66
9288bfeb-dc63-4bbd-b176-0b2926bf8dee,32058,\u91cd\u75c7\u533b\u5b66
3a1f1733-040b-4ca0-9b6c-ef3299c1387b,32061,\u6025\u8bca\u533b\u5b66
0921a31d-6b28-4c59-aae2-048fe1652712,32064,\u6838\u533b\u5b66
e57c7ed2-1f2a-48e8-9a01-857b7a506733,32065,\u5168\u79d1\u533b\u5b66
617cae5c-6aa9-4e30-9181-a106518cd4e4,32067,\u80bf\u7624\u5b66
54f114d4-a026-4026-84dc-0cc687ff6f83,32071,\u62a4\u7406\u5b66
5f053709-36fc-44e7-b0c5-6402090273cc,32099,\u4e34\u5e8a\u533b\u5b66\u5176\u4ed6\u5b66\u79d1
a51fd86b-a836-4f76-b0bf-db0bd85e2479,330,\u9884\u9632\u533b\u5b66\u4e0e\u516c\u5171\u536b\u751f\u5b66
4873a0db-ae05-4b30-8979-ebecf52d945c,33011,\u8425\u517b\u5b66
b272a38a-57e3-47df-8952-a6ab6358f698,33014,\u6bd2\u7406\u5b66
b52d8765-9834-4ba1-bb9c-c1b67b23cb75,33017,\u6d88\u6bd2\u5b66
69fa58bc-28fa-4cad-a2df-f46b881d6638,33021,\u6d41\u884c\u75c5\u5b66
0ad69f22-88e2-485f-afa0-54187b0ab259,33027,\u5a92\u4ecb\u751f\u7269\u63a7\u5236\u5b66
dd68817d-ff37-4e17-a967-391146854710,33031,\u73af\u5883\u533b\u5b66
1d85fb9a-bc60-468b-9c4b-8cd9c077f1f4,33034,\u804c\u4e1a\u75c5\u5b66
21743002-53c5-4e19-bf51-bbd3844e9fdd,33037,\u5730\u65b9\u75c5\u5b66
ea4686dd-749b-4dfd-8cba-3c063c98d20d,33035,\u70ed\u5e26\u533b\u5b66
aaf6d384-4a61-4fd4-86af-b73e43ce68b3,33041,\u793e\u4f1a\u533b\u5b66
bae82065-c6f4-4684-946d-f3339e918baf,33044,\u536b\u751f\u68c0\u9a8c\u5b66
7d8dfbd0-5ed1-4fe5-8d6e-3fc5dd3d6338,33047,\u98df\u54c1\u536b\u751f\u5b66
c35e512b-687c-4236-87d2-da1a660b8799,33051,\u513f\u5c11\u4e0e\u5b66\u6821\u536b\u751f\u5b66
9c5a3a0e-8414-4897-8266-e5b98fc1fb3d,33054,\u5987\u5e7c\u536b\u751f\u5b66
2cbede37-2b0e-4e51-b8e8-0e506cc918af,33057,\u73af\u5883\u536b\u751f\u5b66
099a6152-1909-4e52-b473-222c19ddf29b,33061,\u52b3\u52a8\u536b\u751f\u5b66
6be5644c-be2e-48bc-9417-066e8d8da046,33064,\u653e\u5c04\u536b\u751f\u5b66
0ea735d9-cb0e-443a-85e7-cb2491230647,33067,\u536b\u751f\u5de5\u7a0b\u5b66
bac0eaa0-54ec-4a56-801b-490a46b64f28,33071,\u536b\u751f\u7ecf\u6d4e\u5b66
47a02398-024a-4e63-9203-b3e0f7fa06ff,33072,\u536b\u751f\u7edf\u8ba1\u5b66
fc629f44-87fd-43d9-8b5a-bb415d32ca1a,33074,\u4f18\u751f\u5b66
c3d236f7-5142-4eae-b22d-75c757e8aa87,33077,\u5065\u5eb7\u4fc3\u8fdb\u4e0e\u5065\u5eb7\u6559\u80b2\u5b66
ecee0ea2-13c1-4a7c-9509-36106f5e4f6f,33081,\u536b\u751f\u7ba1\u7406\u5b66
8109a506-c194-47a9-957c-be4cf99d7182,33099,\u9884\u9632\u533b\u5b66\u4e0e\u516c\u5171\u536b\u751f\u5b66\u5176\u4ed6\u5b66\u79d1
0ee23eef-77a7-4e98-8c3d-7a9de99fbb04,340,\u519b\u4e8b\u533b\u5b66\u4e0e\u7279\u79cd\u533b\u5b66
980cd9c5-1f38-4034-9c06-5a45f87c2061,34010,\u519b\u4e8b\u533b\u5b66
8c59f3f9-0116-4a05-ae2c-ac58c2d4521a,34020,\u7279\u79cd\u533b\u5b66
1598664e-8fdb-452a-8cf7-6235de97af21,34099,\u519b\u4e8b\u533b\u5b66\u4e0e\u7279\u79cd\u533b\u5b66\u5176\u4ed6\u5b66\u79d1
2d56ac20-bd14-4737-ac31-4e2cf6b1f23b,350,\u836f\u5b66
e793ff06-e07f-4fc7-a77b-7736f05abe72,35010,\u836f\u7269\u5316\u5b66
1bfd3a14-9805-41a0-96af-471ff13aebb9,35020,\u751f\u7269\u836f\u7269\u5b66
40ec9714-1cd6-4e16-9790-2232ff56e72d,35025,\u5fae\u751f\u7269\u836f\u7269\u5b66
8d493796-06df-4fa3-bb86-842e8ec96cf6,35030,\u653e\u5c04\u6027\u836f\u7269\u5b66
c2b508b9-348f-4391-91b8-3bbe515a7278,35035,\u836f\u5242\u5b66
5867d34e-70b8-4c3e-b0d3-7d21708fbb4d,35040,\u836f\u6548\u5b66
edec605c-2cff-4be5-9af8-2424571b9760,35045,\u836f\u7269\u7ba1\u7406\u5b66
a34c2a74-1a0c-406a-a60d-2c2d73a210d3,35050,\u836f\u7269\u7edf\u8ba1\u5b66
f48aa5b1-c364-40f1-b03a-3c1b9437659d,35099,\u836f\u5b66\u5176\u4ed6\u5b66\u79d1
3966c712-779d-4135-8abf-5d2ea813d2d6,360,\u4e2d\u533b\u5b66\u4e0e\u4e2d\u836f\u5b66
c5dacda5-2429-4e3e-8d9b-c7477c7233c5,36010,\u4e2d\u533b\u5b66
7460de1b-ccc1-4744-9495-169c40bed808,36020,\u6c11\u65cf\u533b\u5b66
e70d11e8-e07b-4e7a-ad2f-bfde14e6dac0,36030,\u4e2d\u897f\u533b\u7ed3\u5408\u533b\u5b66
c7c73148-532e-4a23-b6b5-fca610dca0d3,36040,\u4e2d\u836f\u5b66
2e73514a-0ea7-4b40-8d42-758ecae86701,36099,\u4e2d\u533b\u5b66\u4e0e\u4e2d\u836f\u5b66\u5176\u4ed6\u5b66\u79d1
7e59c3fe-28c4-41c3-b17b-7e2ec9d36aed,410,\u5de5\u7a0b\u4e0e\u6280\u672f\u79d1\u5b66\u57fa\u7840\u5b66\u79d1
159e1ad3-77ed-4552-82bc-d1d2d0ea2bd2,41010,\u5de5\u7a0b\u6570\u5b66
315a38a4-fad1-4d74-bd52-00248690dccd,41015,\u5de5\u7a0b\u63a7\u5236\u8bba
8acd1004-d005-4e92-9935-3c55644ea8b9,41020,\u5de5\u7a0b\u529b\u5b66
6403d6b0-dbfb-43b0-882b-85f85bdf0af0,41025,\u5de5\u7a0b\u7269\u7406\u5b66
629fe548-9ec7-4340-a3db-a348b1090853,41030,\u5de5\u7a0b\u5730\u8d28\u5b66
2ca4c98d-e37e-4381-ad0d-8844076d95a6,41035,\u5de5\u7a0b\u6c34\u6587\u5b66
2745d7a6-64eb-4480-902c-3652723d4612,41040,\u5de5\u7a0b\u4eff\u751f\u5b66
6aa21e83-1600-4aa4-8780-6acf275d783c,41045,\u5de5\u7a0b\u5fc3\u7406\u5b66
13ccca64-ad7b-4dc1-b742-af0ac9de4906,41050,\u6807\u51c6\u79d1\u5b66\u6280\u672f
f4b6a232-7bf0-410e-85aa-45d45519bac0,41055,\u8ba1\u91cf\u5b66
959f78c8-8268-4854-a7f5-a1d28717713a,41060,\u5de5\u7a0b\u56fe\u5b66
fc88a7e5-4b29-427a-b1a4-e10101b047f0,41065,\u52d8\u67e5\u6280\u672f
014d07ef-5344-41af-bc80-9629a6496018,41070,\u5de5\u7a0b\u901a\u7528\u6280\u672f
cb243b7e-c637-4b67-96ef-a980647890d5,41075,\u5de5\u4e1a\u5de5\u7a0b\u5b66
12b9030f-c894-4b3b-b3e8-f4e6109324ea,41099,\u5de5\u7a0b\u4e0e\u6280\u672f\u79d1\u5b66\u57fa\u7840\u5b66\u79d1\u5176\u4ed6\u5b66\u79d1
31f5a341-f19b-4eea-8758-225c45cebc2b,413,\u4fe1\u606f\u4e0e\u7cfb\u7edf\u79d1\u5b66\u76f8\u5173\u5de5\u7a0b\u4e0e\u6280\u672f
ecddcafd-99ea-42b3-8374-0a42f0a21f30,41310,\u63a7\u5236\u79d1\u5b66\u4e0e\u6280\u672f
3aa1550a-872b-4e2e-87e1-59fd17521968,41315,\u4eff\u771f\u79d1\u5b66\u6280\u672f
dadd80b2-fe68-4bce-ab95-ef6be1e982fe,41320,\u4fe1\u606f\u5b89\u5168\u6280\u672f
cda77099-e629-4d76-8bbf-2215f438218f,41330,\u4fe1\u606f\u6280\u672f\u7cfb\u7edf\u6027\u5e94\u7528
09e02561-b860-40aa-895d-d27cd74d8e6d,41399,\u4fe1\u606f\u4e0e\u7cfb\u7edf\u79d1\u5b66\u76f8\u5173\u5de5\u7a0b\u4e0e\u6280\u672f\u5176\u4ed6\u5b66\u79d1
4506d5cb-8e45-421a-aebc-047034652461,416,\u81ea\u7136\u79d1\u5b66\u76f8\u5173\u5de5\u7a0b\u4e0e\u6280\u672f
7384bb52-cb91-48f7-b97c-1ea4f62bf6bd,41610,\u7269\u7406\u5b66\u76f8\u5173\u5de5\u7a0b\u4e0e\u6280\u672f
6ffda551-a94c-426d-a0c4-354c0be453cb,41620,\u5149\u5b66\u5de5\u7a0b
305a6281-2c54-4237-a2e5-400c7e0c7eb9,41630,\u6d77\u6d0b\u5de5\u7a0b\u4e0e\u6280\u672f
0ca099ff-52e3-488a-8548-f921cd4647d5,41640,\u751f\u7269\u5de5\u7a0b
4ae43734-ac35-477c-9962-4cefce267428,41650,\u519c\u4e1a\u5de5\u7a0b
e76caf35-b63b-408e-9b2a-7a9f82f12f20,41660,\u751f\u7269\u533b\u5b66\u5de5\u7a0b\u5b66
874d9a9a-54d0-4476-b4d4-95dc60d79c97,420,\u6d4b\u7ed8\u79d1\u5b66\u6280\u672f
c1f2e5d2-76cd-4435-9ecf-e7ffc5bccfea,42010,\u5927\u5730\u6d4b\u91cf\u6280\u672f
baa69b0b-59af-4d44-ada2-68d96bc5d934,42020,\u6444\u5f71\u6d4b\u91cf\u4e0e\u9065\u611f\u6280\u672f
5a34fcdd-fa8a-4f9f-a2ff-b48c7681f1b9,42030,\u5730\u56fe\u5236\u56fe\u6280\u672f
ede8be16-7adf-4ce6-9f4b-760fb7222d50,42040,\u5de5\u7a0b\u6d4b\u91cf\u6280\u672f
66bbe80c-f59d-4e8a-91e3-d21c5e3c9fbe,42050,\u6d77\u6d0b\u6d4b\u7ed8
346ed38d-07de-4ed3-9376-30a643cc21eb,42060,\u6d4b\u7ed8\u4eea\u5668
d1e31c17-2697-47f7-bed1-ea71fa6c1825,42099,\u6d4b\u7ed8\u79d1\u5b66\u6280\u672f\u5176\u4ed6\u5b66\u79d1
123f824e-afa7-4ed8-8956-bb16b1accee4,430,\u6750\u6599\u79d1\u5b66
9a478768-e682-405b-8238-25ac22dbaf79,43010,\u6750\u6599\u79d1\u5b66\u57fa\u7840\u5b66\u79d1
a7130431-2401-4ced-97fe-3472db5e8d7e,43015,\u6750\u6599\u8868\u9762\u4e0e\u754c\u9762
050a3812-24cf-43fd-9832-7b14b4651835,43020,\u6750\u6599\u5931\u6548\u4e0e\u4fdd\u62a4
ced82f7b-6f36-4d6f-89f2-9cc2210056a2,43025,\u6750\u6599\u68c0\u6d4b\u4e0e\u5206\u6790\u6280\u672f
ed4c77fd-dddf-4eb2-b36f-9781009107b6,43030,\u6750\u6599\u5b9e\u9a8c
3c5fa2e8-c86f-41cf-9d57-5a9f31e93414,43035,\u6750\u6599\u5408\u6210\u4e0e\u52a0\u5de5\u5de5\u827a
ba1c2f6e-440b-4a08-9658-61facecf0845,43040,\u91d1\u5c5e\u6750\u6599
44348c48-132b-4887-846c-6bd622650d0e,43045,\u65e0\u673a\u975e\u91d1\u5c5e\u6750\u6599
9215843b-037a-44be-9eea-c9352adf782a,43050,\u6709\u673a\u9ad8\u5206\u5b50\u6750\u6599
c429efe6-e922-455b-925c-88714fedf4e8,43055,\u590d\u5408\u6750\u6599
96557dde-273c-4462-a1d5-507cf85c50ae,43060,\u751f\u7269\u6750\u6599
6e4cd6a3-c444-4a70-9a5f-23b946690d82,43070,\u7eb3\u7c73\u6750\u6599
269d1f7a-dd39-4b3d-b254-ed63a449750b,43099,\u6750\u6599\u79d1\u5b66\u5176\u4ed6\u5b66\u79d1
8a375b6f-1f75-47bb-b5d4-bf8231b47ccb,440,\u77ff\u5c71\u5de5\u7a0b\u6280\u672f
f070974e-59cc-4080-b67f-1c2f4cfcf7a7,44010,\u77ff\u5c71\u5730\u8d28\u5b66
af849963-df2f-42c7-b60a-0cfadc8a751d,44015,\u77ff\u5c71\u6d4b\u91cf
48f2fb88-7918-42a8-81bb-8880c1ae9db9,44020,\u77ff\u5c71\u8bbe\u8ba1
9920ed00-c45d-4903-b4e1-d0b507068956,44025,\u77ff\u5c71\u5730\u9762\u5de5\u7a0b
1fff75df-dbd0-4425-b7a4-144fdbd69866,44030,\u4e95\u5df7\u5de5\u7a0b
c8acef73-cedf-48b4-9192-1d3cb52769fc,44035,\u91c7\u77ff\u5de5\u7a0b
cc7dd360-49bc-40a5-9016-64ee753fe4bd,44040,\u9009\u77ff\u5de5\u7a0b
864943ad-c6fa-47fe-8fdd-2fe260c02fb0,44045,\u94bb\u4e95\u5de5\u7a0b
2c1367d4-0500-4ea3-88f0-3f70bf7efe28,44050,\u6cb9\u6c14\u7530\u4e95\u5f00\u53d1\u5de5\u7a0b
c5ba47fb-0978-42a3-858f-60a5d3372a2f,44055,\u77f3\u6cb9\u3001\u5929\u7136\u6c14\u50a8\u5b58\u4e0e\u8fd0\u8f93\u5de5\u7a0b
f5e1c3ba-bd81-4bac-9e6e-fe54d041ef53,44060,\u77ff\u5c71\u673a\u68b0\u5de5\u7a0b
328e8340-1500-422a-b3cf-8aa5202538b4,44065,\u77ff\u5c71\u7535\u6c14\u5de5\u7a0b
fd028af5-d9ea-4245-b73f-824500a14a9d,44070,\u91c7\u77ff\u73af\u5883\u5de5\u7a0b
307dcd78-cc5f-4ed7-83fd-a38124231f6a,44075,\u77ff\u5c71\u5b89\u5168
6811d7b4-a359-4148-8134-81dbb957686a,44080,\u77ff\u5c71\u7efc\u5408\u5229\u7528\u5de5\u7a0b
abff0fc7-ecff-4570-8c57-db7b8a7534e8,44099,\u77ff\u5c71\u5de5\u7a0b\u6280\u672f\u5176\u4ed6\u5b66\u79d1
bac860bd-cf36-4b2a-94c6-c8b505cb034f,450,\u51b6\u91d1\u5de5\u7a0b\u6280\u672f
ba661025-9576-4034-baf0-8bd0cb3e5104,45010,\u51b6\u91d1\u7269\u7406\u5316\u5b66
be02f4a7-36b4-4abd-98d1-22f992f89c66,45015,\u51b6\u91d1\u53cd\u5e94\u5de5\u7a0b
50a848b5-3be8-44b8-b009-a97b2d391788,45020,\u51b6\u91d1\u539f\u6599\u4e0e\u9884\u5904\u7406
e4153e02-92c7-4bc5-9ea1-3036fcfc3fe9,45025,\u51b6\u91d1\u70ed\u80fd\u5de5\u7a0b
7bb64f08-b2a4-46d2-94b2-3ce063da20c3,45030,\u51b6\u91d1\u6280\u672f
48d73328-7ef8-43f2-ac00-f367e4f514ab,45035,\u94a2\u94c1\u51b6\u91d1
99bf8790-9e50-4143-a14a-61dc04ce8395,45040,\u6709\u8272\u91d1\u5c5e\u51b6\u91d1
6a7a8a4e-a072-4107-8f49-092321b7e32c,45045,\u8f67\u5236
81c14877-e6bf-4f22-9814-e2be0ff37791,45050,\u51b6\u91d1\u673a\u68b0\u53ca\u81ea\u52a8\u5316
4d3cee8d-858d-4944-a0ab-fbbf3cbf4d2d,45099,\u51b6\u91d1\u5de5\u7a0b\u6280\u672f\u5176\u4ed6\u5b66\u79d1
ec10229a-a821-4323-ba56-3cc87d884df4,460,\u673a\u68b0\u5de5\u7a0b
0df821ad-a613-4baa-a568-cb2a6b771ced,46010,\u673a\u68b0\u53f2
01501b67-0469-49c8-9cd4-f3a9159fc0c8,46015,\u673a\u68b0\u5b66
e53c363b-d7c5-46d2-a597-032810afbaac,46020,\u673a\u68b0\u8bbe\u8ba1
56b43d11-8773-4da7-9210-e5ab9b53ebcc,46025,\u673a\u68b0\u5236\u9020\u5de5\u827a\u4e0e\u8bbe\u5907
be789820-3ce9-49d5-b24a-472a261f952e,46030,\u5200\u5177\u6280\u672f
3f5ba0e7-8e97-45ba-91f3-fe05f0f16421,46035,\u673a\u5e8a\u6280\u672f
b62ab99b-3cad-403b-94e3-2a1515c2feb4,46045,\u6d41\u4f53\u4f20\u52a8\u4e0e\u63a7\u5236
f7d18f19-015f-4a74-a3e1-a5bae3919fb0,46050,\u673a\u68b0\u5236\u9020\u81ea\u52a8\u5316
22619f77-6744-4b12-8c8b-e9aa95bbeb0e,46099,\u673a\u68b0\u5de5\u7a0b\u5176\u4ed6\u5b66\u79d1
6236457b-a82e-42fb-a683-7e6eb8afa71e,470,\u52a8\u529b\u4e0e\u7535\u6c14\u5de5\u7a0b
652dce67-17d0-4742-b902-89fd43cdc3a9,47010,\u5de5\u7a0b\u70ed\u7269\u7406
33a142f4-e0ad-438a-a3fe-6b4509458ad8,47020,\u70ed\u5de5\u5b66
41f96351-3cf6-4132-b6ff-0f8c41eb58a0,47030,\u52a8\u529b\u673a\u68b0\u5de5\u7a0b
e1ef6f48-9a44-4c49-a048-c2f2f25402c4,47035,\u5236\u51b7\u4e0e\u4f4e\u6e29\u5de5\u7a0b
2d2c2578-c368-4d3f-9fae-82d9cc6736f8,47040,\u7535\u6c14\u5de5\u7a0b
1527b599-3c48-46e0-9b11-a51d2d45ba72,47099,\u52a8\u529b\u4e0e\u7535\u6c14\u5de5\u7a0b\u5176\u4ed6\u5b66\u79d1
efca21f9-089e-47dd-b10c-5705c4818f53,480,\u80fd\u6e90\u79d1\u5b66\u6280\u672f
d8b048ab-c85c-4b43-b949-4b53b80ebef5,48010,\u80fd\u6e90\u5316\u5b66
611ce3c9-215b-4829-9a91-c797a3e6578f,48020,\u80fd\u6e90\u5730\u7406\u5b66
68dfd656-19ce-4624-b65e-3b430176bd2f,48030,\u80fd\u6e90\u8ba1\u7b97\u4e0e\u6d4b\u91cf
e239b10c-55fe-40c6-a04a-bd4a371d1cc6,48040,\u50a8\u80fd\u6280\u672f
ca579570-2c09-41dc-b8fd-5470077cf291,48050,\u8282\u80fd\u6280\u672f
7b189fd3-dbdf-494d-834a-c75452a51e22,48060,\u4e00\u6b21\u80fd\u6e90
982379ac-1abb-4aa9-8da6-1f417fa8552c,48070,\u4e8c\u6b21\u80fd\u6e90
e502c0e0-b474-4659-9fb0-98687d348701,48080,\u80fd\u6e90\u7cfb\u7edf\u5de5\u7a0b
d4fdcbf0-1591-4614-a29f-f08db30f8a83,48099,\u80fd\u6e90\u79d1\u5b66\u6280\u672f\u5176\u4ed6\u5b66\u79d1
178714ae-cc81-400b-bf68-f760961841e3,490,\u6838\u79d1\u5b66\u6280\u672f
2dc4acfa-0506-44a6-a569-fd23365afd43,49010,\u8f90\u5c04\u7269\u7406\u4e0e\u6280\u672f
db2e7d17-a95d-41ff-83ba-87a2471bb283,49015,\u6838\u63a2\u6d4b\u6280\u672f\u4e0e\u6838\u7535\u5b50\u5b66
e8e0deb9-43dc-4e42-9fef-4f261402091d,49020,\u653e\u5c04\u6027\u8ba1\u91cf\u5b66
bbc2a3e5-6cfa-44a3-92c8-801ebb8f0d31,49025,\u6838\u4eea\u5668\u3001\u4eea\u8868
8af1753d-846c-4dc7-9b88-c6054a40e813,49030,\u6838\u6750\u6599\u4e0e\u5de5\u827a\u6280\u672f
fb093e6d-e201-4901-a461-88b6aa3c314d,49035,\u7c92\u5b50\u52a0\u901f\u5668
81457e20-cf85-4126-be83-f05f7d009a75,49040,\u88c2\u53d8\u5806\u5de5\u7a0b\u6280\u672f
cdb79b55-d87f-4db1-b863-ce0bf96043cf,49045,\u6838\u805a\u53d8\u5de5\u7a0b\u6280\u672f
d153ddc0-6ef6-4550-8fd0-8aa9cf7f77dc,49050,\u6838\u52a8\u529b\u5de5\u7a0b\u6280\u672f
09c1b129-7e1b-4608-b5e7-f2a1a0a805b7,49055,\u540c\u4f4d\u7d20\u6280\u672f
6572eff0-daf3-4638-a714-0e4c8d1ca1d7,49060,\u6838\u7206\u70b8\u5de5\u7a0b
8845e639-bea0-4765-9b0f-2b5f6be9391c,49065,\u6838\u5b89\u5168
cdc04729-6e55-4c78-b749-14fe7106adc4,49070,\u4e4f\u71c3\u6599\u540e\u5904\u7406\u6280\u672f
03776945-77a3-4edb-864a-b64bf38e17e5,49075,\u8f90\u5c04\u9632\u62a4\u6280\u672f
dd41ef7b-7330-40c5-bc66-e53745005d3a,49080,\u6838\u8bbe\u65bd\u9000\u5f79\u6280\u672f
be8ded90-9d5d-4903-9710-9aa7750a7ff7,49085,\u653e\u5c04\u6027\u4e09\u5e9f\u5904\u7406\u3001\u5904\u7f6e\u6280\u672f
84209d16-0994-4be5-b391-b668e8917583,49099,\u6838\u79d1\u5b66\u6280\u672f\u5176\u4ed6\u5b66\u79d1
33379752-d131-43bd-9119-51e2f979f649,510,\u7535\u5b50\u4e0e\u901a\u4fe1\u6280\u672f
5b77d1ae-8543-4e42-9fb9-fa5e75aad3a4,51010,\u7535\u5b50\u6280\u672f
a03761a8-9677-44c9-b588-d51162a8050f,51020,\u5149\u7535\u5b50\u5b66\u4e0e\u6fc0\u5149\u6280\u672f
4d9c2d00-61a8-4131-97b8-90734048885d,51030,\u534a\u5bfc\u4f53\u6280\u672f
92f41d41-c53a-4e52-b72d-35c8d7001071,51040,\u4fe1\u606f\u5904\u7406\u6280\u672f
b61c72c8-23af-4e85-aa3b-63bb7dcec338,51050,\u901a\u4fe1\u6280\u672f
e4c322e1-beba-4104-abcb-5c1cbefa2d74,51060,\u5e7f\u64ad\u4e0e\u7535\u89c6\u5de5\u7a0b\u6280\u672f
41bce9d6-45dc-47e2-8948-440143761875,51070,\u96f7\u8fbe\u5de5\u7a0b
ccb66be5-637c-49d0-a6b8-d6bf1e5895de,51099,\u7535\u5b50\u4e0e\u901a\u4fe1\u6280\u672f\u5176\u4ed6\u5b66\u79d1
c3772eac-41cb-4b28-a1e4-da6cd23fe779,520,\u8ba1\u7b97\u673a\u79d1\u5b66\u6280\u672f
1c50fe75-a9b5-4571-9734-6dfd973ef595,52010,\u8ba1\u7b97\u673a\u79d1\u5b66\u6280\u672f\u57fa\u7840\u5b66\u79d1
3d6d4421-82e1-4676-85e0-7f3a0a95b8b4,52020,\u4eba\u5de5\u667a\u80fd
80bb8855-947f-466d-8744-c314fd33e7c8,52030,\u8ba1\u7b97\u673a\u7cfb\u7edf\u7ed3\u6784
ab4677b3-9fd3-496d-ae68-d09a5ad1d409,52040,\u8ba1\u7b97\u673a\u8f6f\u4ef6
534b0b0f-3e0f-4193-bd7a-9e5b4af0437a,52050,\u8ba1\u7b97\u673a\u5de5\u7a0b
4db595fd-cbe1-4791-ae7f-48eb9709413b,52060,\u8ba1\u7b97\u673a\u5e94\u7528
57f2e852-580a-42fc-8f8e-a0fb6591e62a,52099,\u8ba1\u7b97\u673a\u79d1\u5b66\u6280\u672f\u5176\u4ed6\u5b66\u79d1
39f9c679-8439-455c-87db-19382e2db8d3,530,\u5316\u5b66\u5de5\u7a0b
75ae67cc-063e-4c68-9df3-bb5fb6471967,53011,\u5316\u5b66\u5de5\u7a0b\u57fa\u7840\u5b66\u79d1
9aa171e4-e9ad-4708-b8c6-e078a9034c35,53014,\u5316\u5de5\u6d4b\u91cf\u6280\u672f\u4e0e\u4eea\u5668\u4eea\u8868
4d087f5b-9cb2-4aab-9ee6-8f8d2d952696,53017,\u5316\u5de5\u4f20\u9012\u8fc7\u7a0b
950d5e33-608d-4c7c-82b5-f61fe9eaa079,53021,\u5316\u5b66\u5206\u79bb\u5de5\u7a0b
6e8b7d18-cfad-41c7-9316-45115358b811,53024,\u5316\u5b66\u53cd\u5e94\u5de5\u7a0b
60cc5966-a462-4edb-9544-d0a8554975ff,53027,\u5316\u5de5\u7cfb\u7edf\u5de5\u7a0b
60ee1885-6857-427b-a624-1e780219ed7a,53031,\u5316\u5de5\u673a\u68b0\u4e0e\u8bbe\u5907
988d7390-e338-40e5-a0ee-5b9c12cdf383,53034,\u65e0\u673a\u5316\u5b66\u5de5\u7a0b
b760aee2-1e7f-45cb-8506-7d107bbd375d,53037,\u6709\u673a\u5316\u5b66\u5de5\u7a0b
aa2afca8-0fdb-4921-8b73-d390fde02604,53041,\u7535\u5316\u5b66\u5de5\u7a0b
1a260619-6036-4b44-8dde-ab07034a5d27,53044,\u9ad8\u805a\u7269\u5de5\u7a0b
e899dd17-60b9-4f16-a6f1-03a80167e8cf,53047,\u7164\u5316\u5b66\u5de5\u7a0b
48e16b4f-16fa-49b7-a352-2e0deca50c60,53051,\u77f3\u6cb9\u5316\u5b66\u5de5\u7a0b
9718a1d2-a388-4dd5-b5bc-89ba357dd86f,53052,\u5929\u7136\u6c14\u5316\u5b66\u5de5\u7a0b
7ad8aa4a-497d-4fab-8a59-9d905fb18e53,53054,\u7cbe\u7ec6\u5316\u5b66\u5de5\u7a0b
8647484a-d740-497c-8acf-c521941f4eb4,53057,\u9020\u7eb8\u6280\u672f
5cec77e8-3d13-41d7-ab9c-41b528bf61f6,53061,\u6bdb\u76ae\u4e0e\u5236\u9769\u5de5\u7a0b
31739a8f-0e0e-4090-8640-7ae78b1924fa,53064,\u5236\u836f\u5de5\u7a0b
9a722443-85c8-4c06-b233-6de3081fd15c,53067,\u751f\u7269\u5316\u5b66\u5de5\u7a0b
9bd3ab40-2794-43bf-89d7-93f5c0db2a0f,53099,\u5316\u5b66\u5de5\u7a0b\u5176\u4ed6\u5b66\u79d1
cd543833-7494-4c3a-b176-6425a0139537,535,\u4ea7\u54c1\u5e94\u7528\u76f8\u5173\u5de5\u7a0b\u4e0e\u6280\u672f
a5fa973e-cb7f-4e86-9336-a53ec1402d32,53510,\u4eea\u5668\u4eea\u8868\u6280\u672f
aaad8725-3114-4919-b019-a6ecde364e2e,53520,\u5175\u5668\u79d1\u5b66\u4e0e\u6280\u672f
6e3232f8-4ce8-4907-9282-c5c7949cec6e,53530,\u4ea7\u54c1\u5e94\u7528\u4e13\u7528\u6027\u6280\u672f
1bcaa7a3-c3cd-47a4-bd24-e04bd0977bec,53599,\u4ea7\u54c1\u5e94\u7528\u76f8\u5173\u5de5\u7a0b\u4e0e\u6280\u672f\u5176\u4ed6\u5b66\u79d1
2da70793-fd74-43bb-8eb4-8dea5dff868a,540,\u7eba\u7ec7\u79d1\u5b66\u6280\u672f
24011e09-3cb3-42dc-870e-56319f3ccece,54010,\u7eba\u7ec7\u79d1\u5b66\u6280\u672f\u57fa\u7840\u5b66\u79d1
094876e1-fbde-4ecd-96b8-0054ab101a1f,54020,\u7eba\u7ec7\u6750\u6599
46c07bf1-5ce0-4dea-82b5-1ec4b11bede6,54030,\u7ea4\u7ef4\u5236\u9020\u6280\u672f
c7a0752d-2e95-455b-920c-ec68615a0979,54040,\u7eba\u7ec7\u6280\u672f
2a66a0c7-f70b-4020-950f-9449e5f509f8,54050,\u67d3\u6574\u6280\u672f
c02924f4-28e6-4e25-9b10-025221899948,54060,\u670d\u88c5\u6280\u672f
2cb4f515-7f94-48ac-bf5f-38933abf2210,54070,\u7eba\u7ec7\u673a\u68b0\u4e0e\u8bbe\u5907
cbfef43c-f8bb-4fc0-b1ed-0b1601f5d8ef,54099,\u7eba\u7ec7\u79d1\u5b66\u6280\u672f\u5176\u4ed6\u5b66\u79d1
20fa300e-a69c-482d-946a-fbae795fcc61,550,\u98df\u54c1\u79d1\u5b66\u6280\u672f
e0b84674-e5db-42c6-9c68-cfb3df70b036,55010,\u98df\u54c1\u79d1\u5b66\u6280\u672f\u57fa\u7840\u5b66\u79d1
b2ada7fb-c6d8-4015-9934-bfad73b14a34,55020,\u98df\u54c1\u52a0\u5de5\u6280\u672f
d6744d63-a960-4a20-8cc8-8a86ef6c6816,55030,\u98df\u54c1\u5305\u88c5\u4e0e\u50a8\u85cf
a48a67f0-4b62-44a3-ae96-788d6b39dacb,55040,\u98df\u54c1\u673a\u68b0
1423f5bb-2873-47ae-be6d-331f8cc3bd3f,55050,\u98df\u54c1\u52a0\u5de5\u7684\u526f\u4ea7\u54c1\u52a0\u5de5\u4e0e\u5229\u7528
97a9f381-b094-430f-9da5-718b8a8adf0f,55060,\u98df\u54c1\u5de5\u4e1a\u4f01\u4e1a\u7ba1\u7406\u5b66
6a94cd9c-b59c-442e-bec2-6f253a4626c7,55070,\u98df\u54c1\u5de5\u7a0b\u4e0e\u7cae\u6cb9\u5de5\u7a0b
46b61194-bd38-4ba0-959d-4b92939b9edc,55099,\u98df\u54c1\u79d1\u5b66\u6280\u672f\u5176\u4ed6\u5b66\u79d1
9184d4c6-603a-42be-9ce9-e18462aaeb15,560,\u571f\u6728\u5efa\u7b51\u5de5\u7a0b
3544b124-d90f-4b08-a5d9-a054f9077f64,56010,\u5efa\u7b51\u53f2
24b2b526-74c9-4fc1-aaa8-e7ff078cf86f,56015,\u571f\u6728\u5efa\u7b51\u5de5\u7a0b\u57fa\u7840\u5b66\u79d1
01bcd527-6f03-45be-8f76-4f516e296637,56020,\u571f\u6728\u5efa\u7b51\u5de5\u7a0b\u6d4b\u91cf
2feebc9e-b8dd-4fdf-af62-7bb9f5f4e5d1,56025,\u5efa\u7b51\u6750\u6599
bc2c920a-c6a2-4e90-8c70-e4c2822b8a1a,56030,\u5de5\u7a0b\u7ed3\u6784
eff8c0b3-e43d-4218-8abd-b28776ffc9e0,56035,\u571f\u6728\u5efa\u7b51\u7ed3\u6784
f73b31d8-fcd1-44c7-8950-353d3bd0c443,56040,\u571f\u6728\u5efa\u7b51\u5de5\u7a0b\u8bbe\u8ba1
afffa3d9-8704-4d9f-a9ee-8b689550db8f,56045,\u571f\u6728\u5efa\u7b51\u5de5\u7a0b\u65bd\u5de5
0679fab4-9464-4499-aec6-e5712c2334d0,56050,\u571f\u6728\u5de5\u7a0b\u673a\u68b0\u4e0e\u8bbe\u5907
1929934f-414b-4364-9433-b87b5cd048ba,56055,\u5e02\u653f\u5de5\u7a0b
1ed2d267-5183-424b-9eb5-dc59f0d92952,56060,\u5efa\u7b51\u7ecf\u6d4e\u5b66
b193b4c3-e890-4f17-ba8b-8b2bc9235aee,56099,\u571f\u6728\u5efa\u7b51\u5de5\u7a0b\u5176\u4ed6\u5b66\u79d1
9a8d46b3-9627-473d-84f6-a7008362c9bf,570,\u6c34\u5229\u5de5\u7a0b
cd507cd2-f4fc-4030-9110-d055b4f0b4e0,57010,\u6c34\u5229\u5de5\u7a0b\u57fa\u7840\u5b66\u79d1
80c3aa40-1116-474b-b67f-eb0e78721dee,57015,\u6c34\u5229\u5de5\u7a0b\u6d4b\u91cf
d5ec3188-3731-47a3-a7ec-a5f633fff877,57020,\u6c34\u5de5\u6750\u6599
69d102c0-4870-4bcd-beda-6dc5aebeae8c,57025,\u6c34\u5de5\u7ed3\u6784
78e440c9-d264-4a12-9676-8f6381ec5a79,57030,\u6c34\u529b\u673a\u68b0
58a14ded-1230-40d5-9ff0-776f268798a7,57035,\u6c34\u5229\u5de5\u7a0b\u65bd\u5de5
9e6136d2-edbf-4c3b-afdb-de59de774e37,57040,\u6c34\u5904\u7406
2103e0ec-9bb1-40ec-a9b7-3863efe87968,57045,\u6cb3\u6d41\u6ce5\u6c99\u5de5\u7a0b\u5b66
b5c50756-189b-4b4e-96f4-ee99eb4e6146,57055,\u73af\u5883\u6c34\u5229
5902cdca-4d7f-406d-99cc-4206bbac480f,57060,\u6c34\u5229\u7ba1\u7406
5c5c5d79-34db-470e-86a3-dcc8b0a19fb9,57065,\u9632\u6d2a\u5de5\u7a0b
826e7b9d-6fc3-4896-b168-af33bfb5dbdd,57070,\u6c34\u5229\u7ecf\u6d4e\u5b66
6c0811a3-be31-40a8-a5f0-7aa633b5cfec,57099,\u6c34\u5229\u5de5\u7a0b\u5176\u4ed6\u5b66\u79d1
851ce8a4-18f6-441a-b31a-55256e5dc6cf,580,\u4ea4\u901a\u8fd0\u8f93\u5de5\u7a0b
121f5f34-7946-4866-be09-b7e94dd9e67a,58010,\u9053\u8def\u5de5\u7a0b
9977f359-7a6a-4050-9469-fed62226db17,58020,\u516c\u8def\u8fd0\u8f93
27570864-0181-4d3d-9db1-23e5e7c407d0,58030,\u94c1\u8def\u8fd0\u8f93
508dd1a6-e921-4bc1-bee9-572ce4f92b7a,58040,\u6c34\u8def\u8fd0\u8f93
4fb8ddf3-901c-427b-8802-b60379d12fea,58050,\u8239\u8236\u3001\u8230\u8239\u5de5\u7a0b
e5eb67a4-da1d-414f-87ba-f6c7b8966b97,58060,\u822a\u7a7a\u8fd0\u8f93
9138c016-fda3-42b0-9391-40395ea7a8fb,58070,\u4ea4\u901a\u8fd0\u8f93\u7cfb\u7edf\u5de5\u7a0b
efd6838e-39aa-49b5-8778-82bb2d7619d6,58080,\u4ea4\u901a\u8fd0\u8f93\u5b89\u5168\u5de5\u7a0b
c25a9f16-bdd1-4f8a-9f90-4014a8ba12dd,58099,\u4ea4\u901a\u8fd0\u8f93\u5de5\u7a0b\u5176\u4ed6\u5b66\u79d1
b15c75bf-894c-4e99-8c3f-2486846631e5,590,\u822a\u7a7a\u3001\u822a\u5929\u79d1\u5b66\u6280\u672f
af41feb5-c902-40c0-b0e1-ae3402317212,59010,\u822a\u7a7a\u3001\u822a\u5929\u79d1\u5b66\u6280\u672f\u57fa\u7840\u5b66\u79d1
2b2ffe70-aa8c-4990-81c5-ae71cc04c9cb,59015,\u822a\u7a7a\u5668\u7ed3\u6784\u4e0e\u8bbe\u8ba1
e34f4ccf-4a26-4932-b3df-116532490ad5,59020,\u822a\u5929\u5668\u7ed3\u6784\u4e0e\u8bbe\u8ba1
92992796-bea6-4c77-abf3-678237200339,59025,\u822a\u7a7a\u3001\u822a\u5929\u63a8\u8fdb\u7cfb\u7edf
b9400858-b78b-4045-ac63-d390ee09ee10,59030,\u98de\u884c\u5668\u4eea\u8868\u3001\u8bbe\u5907
6eedf147-ae9c-4869-93f6-7c35f0d11b8c,59035,\u98de\u884c\u5668\u63a7\u5236\u3001\u5bfc\u822a\u6280\u672f
e2536b6c-2ebd-4a77-94a6-11436be30f50,59040,\u822a\u7a7a\u3001\u822a\u5929\u6750\u6599
28509ecb-1f9f-4165-a406-5779b7570044,59045,\u98de\u884c\u5668\u5236\u9020\u6280\u672f
4415ab8d-c28f-4144-b61b-bed7900bac90,59050,\u98de\u884c\u5668\u8bd5\u9a8c\u6280\u672f
98a1ba95-9100-49f6-8726-19281bc2affc,59055,\u98de\u884c\u5668\u53d1\u5c04\u4e0e\u56de\u6536\u3001\u98de\u884c\u6280\u672f
fcd2c553-2474-4793-bfae-7d997bb50238,59060,\u822a\u7a7a\u822a\u5929\u5730\u9762\u8bbe\u65bd\u3001\u6280\u672f\u4fdd\u969c
65927f9b-3c09-4256-87c7-b817146d7e20,59065,\u822a\u7a7a\u3001\u822a\u5929\u7cfb\u7edf\u5de5\u7a0b
58377bb2-fc11-4ddd-b5dc-a1e22d500d70,59099,\u822a\u7a7a\u3001\u822a\u5929\u79d1\u5b66\u6280\u672f\u5176\u4ed6\u5b66\u79d1
db9e6dcc-d825-479d-8841-b50a965f77ec,610,\u73af\u5883\u79d1\u5b66\u6280\u672f\u53ca\u8d44\u6e90\u79d1\u5b66\u6280\u672f
262756c7-b296-4120-bc91-b5f5488f253f,61010,\u73af\u5883\u79d1\u5b66\u6280\u672f\u57fa\u7840\u5b66\u79d1
6edc7eed-6bcd-4c4b-a17a-5223a02ace9c,61020,\u73af\u5883\u5b66
4f199cb2-4a10-41e4-a961-4017a85f3bc9,61030,\u73af\u5883\u5de5\u7a0b\u5b66
a138b25d-3a93-4723-9200-e7179206b449,61050,\u8d44\u6e90\u79d1\u5b66\u6280\u672f
3d6d7b6d-b89b-4701-a230-eef8df68a753,61099,\u73af\u5883\u79d1\u5b66\u6280\u672f\u53ca\u8d44\u6e90\u79d1\u5b66\u6280\u672f\u5176\u4ed6\u5b66\u79d1
ddf221ca-a9bc-468b-ab9f-94533ec86003,620,\u5b89\u5168\u79d1\u5b66\u6280\u672f
f729dc64-3c1f-4d66-85b6-5f03f3b065c8,62010,\u5b89\u5168\u79d1\u5b66\u6280\u672f\u57fa\u7840\u5b66\u79d1
f68bf8ed-f329-46f4-b551-fb603bfed3a3,62021,\u5b89\u5168\u793e\u4f1a\u79d1\u5b66
121db7ac-9e3e-4b18-bf4b-e2764f8a835e,62023,\u5b89\u5168\u7269\u8d28\u5b66
09ec69e5-1bfc-4511-93cd-3ac58a94d3a4,62025,\u5b89\u5168\u4eba\u4f53\u5b66
08b8e9ad-11d9-4a78-93cb-d6525d969f0e,62027,\u5b89\u5168\u7cfb\u7edf\u5b66
1c4e220d-f2ed-4448-ae18-0ef3725f6a90,62030,\u5b89\u5168\u5de5\u7a0b\u6280\u672f\u79d1\u5b66
9db91a1a-d945-4a3c-86a9-e19352b9a143,62040,\u5b89\u5168\u536b\u751f\u5de5\u7a0b\u6280\u672f
b97a66f3-63ad-45cd-bdcb-dd141ad5317f,62060,\u5b89\u5168\u793e\u4f1a\u5de5\u7a0b
8a832fcb-54a9-4f47-947e-b84ede713a1e,62070,\u90e8\u95e8\u5b89\u5168\u5de5\u7a0b\u7406\u8bba
26582bd2-8b18-4e67-9802-cd06658af9ae,62080,\u516c\u5171\u5b89\u5168
d5295d01-d01c-48bb-bbf5-e06251f7478b,62099,\u5b89\u5168\u79d1\u5b66\u6280\u672f\u5176\u4ed6\u5b66\u79d1
4779b63f-d28a-456e-9faa-f9d4aef5ffe9,630,\u7ba1\u7406\u5b66
05a52c8b-a0fa-4a03-ac33-e5064468f040,63010,\u7ba1\u7406\u601d\u60f3\u53f2
c84a8769-984d-456d-92a2-90f3bc8ced95,63015,\u7ba1\u7406\u7406\u8bba
376afeea-5ca2-4a0d-b110-f286f61276f0,63025,\u7ba1\u7406\u8ba1\u91cf\u5b66
b06ddee9-1bdb-4b45-a2fc-beeaa3f397ab,63030,\u90e8\u95e8\u7ecf\u6d4e\u7ba1\u7406
df340804-fd7a-4494-bfcf-2f6aa0d0b24a,63032,\u533a\u57df\u7ecf\u6d4e\u7ba1\u7406
c4f63cdb-caa4-43c9-ab56-bf15bcc2d25a,63035,\u79d1\u5b66\u5b66\u4e0e\u79d1\u6280\u7ba1\u7406
511483fe-6bd8-4557-a8c0-5a138d49f715,63040,\u4f01\u4e1a\u7ba1\u7406
56ffddf5-b12d-4b8a-9899-701a53d0f957,63044,\u516c\u5171\u7ba1\u7406
cb637919-3dd9-433c-965a-93884cb80d0c,63050,\u7ba1\u7406\u5de5\u7a0b
1f7c2bcd-52c1-4580-aaca-406fb70aa02c,63055,\u4eba\u529b\u8d44\u6e90\u5f00\u53d1\u4e0e\u7ba1\u7406
12343d33-4536-40b9-8536-5e0db0e837fb,63060,\u672a\u6765\u5b66
49640826-7da7-4e23-8ea3-392773343226,63099,\u7ba1\u7406\u5b66\u5176\u4ed6\u5b66\u79d1
22dece53-f2f7-4c35-8e5a-f77244cd75cd,710,\u9a6c\u514b\u601d\u4e3b\u4e49
908e9786-1cd8-4590-99a1-545ff636a148,71010,\u9a6c\u3001\u6069\u3001\u5217\u3001\u65af\u601d\u60f3\u7814\u7a76
9d77119f-0dc1-4ff0-a64f-729920f6d715,71020,\u6bdb\u6cfd\u4e1c\u601d\u60f3\u7814\u7a76
08715125-47c7-46b3-9a6d-358ef6c500a0,71030,\u9a6c\u514b\u601d\u4e3b\u4e49\u601d\u60f3\u53f2
77cf1f35-8753-4a38-8a48-dafadebfd27f,71040,\u79d1\u5b66\u793e\u4f1a\u4e3b\u4e49
2c06f41a-a567-4425-ac4a-c7ee705d5d4e,71050,\u793e\u4f1a\u4e3b\u4e49\u8fd0\u52a8\u53f2
32295132-4667-4faf-a831-aa9515b9279d,71060,\u56fd\u5916\u9a6c\u514b\u601d\u4e3b\u4e49\u7814\u7a76
f4035a9c-08ef-454a-9275-5f3a7cd5a9f6,71099,\u9a6c\u514b\u601d\u4e3b\u4e49\u5176\u4ed6\u5b66\u79d1
b45a4011-e995-437d-bd11-c1f997e83e7c,720,\u54f2\u5b66
ba8e3bd1-84fc-46e2-9808-8b4b0d943a7f,72010,\u9a6c\u514b\u601d\u4e3b\u4e49\u54f2\u5b66
b7cf7220-13b8-43a7-bd3f-aefa572064e9,72015,\u81ea\u7136\u8fa9\u8bc1\u6cd5
9e043f4c-66ad-4cc5-9b94-d6bf2e7ac233,72020,\u4e2d\u56fd\u54f2\u5b66\u53f2
e80a6561-7104-4c1a-9541-10762f44e94a,72025,\u4e1c\u65b9\u54f2\u5b66\u53f2
267d47dd-afb1-43f3-843a-b11523f3830b,72030,\u897f\u65b9\u54f2\u5b66\u53f2
fcff2f86-bc4e-44e4-9100-7f7da06162ae,72035,\u73b0\u4ee3\u5916\u56fd\u54f2\u5b66
5eda7fc5-7312-433f-8ec6-1d492d73686c,72040,\u903b\u8f91\u5b66
234751ed-c9a7-4f62-a08e-335e007af490,72045,\u4f26\u7406\u5b66
3da22e33-06cf-4e11-a37e-09d5f7a81042,72050,\u7f8e\u5b66
4e91b761-8bb4-48c5-8450-6481049b5751,72099,\u54f2\u5b66\u5176\u4ed6\u5b66\u79d1
5e914c19-a431-4a08-a8ff-c22cd16a0985,730,\u5b97\u6559\u5b66
34d4d7ff-1fca-406e-88d2-75d8472c4963,73011,\u5b97\u6559\u5b66\u7406\u8bba
3d45d26a-1774-497f-9ad0-166a3209ee37,73014,\u65e0\u795e\u8bba
26fb9f33-3dff-4fd6-ab34-2073658774fb,73017,\u539f\u59cb\u5b97\u6559
dcc03055-045a-4887-895c-7de338fad7ed,73021,\u53e4\u4ee3\u5b97\u6559
f637a253-5d6c-4dbf-b9a0-df9e7d0169a1,73024,\u4f5b\u6559
7424df25-820a-485b-8819-a625b0e03f34,73027,\u57fa\u7763\u6559
cd7dce77-ffc6-4e4a-9446-447f9c53af91,73031,\u4f0a\u65af\u5170\u6559
e9f05e85-7374-4c14-8d82-8b43a5d018a2,73034,\u9053\u6559
d3dbe167-8480-475b-b84a-0a6deb3ef86c,73037,\u5370\u5ea6\u6559
62d73ceb-8013-4d55-a07b-064ef8b9f408,73041,\u72b9\u592a\u6559
732bb09c-1d48-4d2a-8f69-31ca64f8e731,73044,\u8884\u6559
8e2c7171-a823-4964-9489-2e446eb4d726,73047,\u6469\u5c3c\u6559
8c2d5c61-b481-410f-b453-82dac57116d0,73051,\u9521\u514b\u6559
95738208-0cc1-4955-bab1-0a1e34b04370,73054,\u8006\u90a3\u6559
55e1e6f9-d0d7-41c7-9aac-6126c31db706,73057,\u795e\u9053\u6559
b42e874f-198d-407d-ac85-16a71d79ac04,73061,\u4e2d\u56fd\u6c11\u95f4\u5b97\u6559\u4e0e\u6c11\u95f4\u4fe1\u4ef0
59735cd5-be23-492f-b0ee-7611a567fb72,73064,\u4e2d\u56fd\u5c11\u6570\u6c11\u65cf\u5b97\u6559
7c705d3e-d785-42b0-ae8e-7543a793d8e4,73067,\u5f53\u4ee3\u5b97\u6559
7d1e7e6b-b0a7-4a1e-962a-18865f5fbf6c,73099,\u5b97\u6559\u5b66\u5176\u4ed6\u5b66\u79d1
8e592bd4-bf0c-4a6f-9503-d091cb9c5df7,740,\u8bed\u8a00\u5b66
a2597dbe-a690-4c87-9ffd-326f96d024a2,74010,\u666e\u901a\u8bed\u8a00\u5b66
9d7d7bc4-3b92-4042-a939-859342732e53,74015,\u6bd4\u8f83\u8bed\u8a00\u5b66
76a74987-52e5-4e05-8810-6ce96a16e024,74020,\u8bed\u8a00\u5730\u7406\u5b66
e0916d1f-ad03-45a9-ad35-dee0667aa0a5,74025,\u793e\u4f1a\u8bed\u8a00\u5b66
8b359338-8304-421b-a742-4689e74f2aae,74030,\u5fc3\u7406\u8bed\u8a00\u5b66
fc7389ae-a03b-4d08-9353-b44d20da042d,74035,\u5e94\u7528\u8bed\u8a00\u5b66
05fb2a94-21e6-41ab-bbe5-8bfb13d41a7c,74040,\u6c49\u8bed\u7814\u7a76
3647d841-25ff-40f5-9b54-ca386ab41be7,74045,\u4e2d\u56fd\u5c11\u6570\u6c11\u65cf\u8bed\u8a00\u6587\u5b57
3ceb0d8b-a593-4765-bd15-a3b11474b14f,74050,\u5916\u56fd\u8bed\u8a00
5d13febb-e49e-4d08-9dc0-c35eceb5af81,74099,\u8bed\u8a00\u5b66\u5176\u4ed6\u5b66\u79d1
2d04ac32-bb7a-4a39-a5f3-759a45c2168e,750,\u6587\u5b66
6687512c-3238-497f-9d31-b7f8b41da95f,75011,\u6587\u5b66\u7406\u8bba
18408248-44ad-4dfd-b1b0-ac5c087bf776,75014,\u6587\u827a\u7f8e\u5b66
226034c7-d556-4a9f-935f-e120eb6554b3,75017,\u6587\u5b66\u6279\u8bc4
d86a2708-c07d-40d0-985c-3abcd653800d,75021,\u6bd4\u8f83\u6587\u5b66
2c4b270b-8270-4c4d-9cbe-d4115cbf4c9d,75024,\u4e2d\u56fd\u53e4\u4ee3\u6587\u5b66
b055eee1-0826-49b7-96c5-cd8dd36ecf2a,75027,\u4e2d\u56fd\u8fd1\u4ee3\u6587\u5b66
761991ef-06ae-4107-a19a-face2ff828e6,75031,\u4e2d\u56fd\u73b0\u4ee3\u6587\u5b66
9af9faa5-9e8a-4d90-9c98-cad0510e76b2,75034,\u4e2d\u56fd\u5404\u4f53\u6587\u5b66
c245b549-a6fe-4481-92bc-b5ca77db47dc,75037,\u4e2d\u56fd\u6c11\u95f4\u6587\u5b66
e0d09eee-82fa-4f9b-b36f-3e3c7f755a67,75041,\u4e2d\u56fd\u513f\u7ae5\u6587\u5b66
63fa447b-8630-42af-b22d-ad5ac9b801fe,75044,\u4e2d\u56fd\u5c11\u6570\u6c11\u65cf\u6587\u5b66
e1e28f87-51bb-4309-9948-583893c95b27,75047,\u4e16\u754c\u6587\u5b66\u53f2
a4558616-5b39-4c45-84c8-f4989fb93fb7,75051,\u4e1c\u65b9\u6587\u5b66
09017f9b-a15b-4984-8ee7-68731014d0b9,75054,\u4fc4\u56fd\u6587\u5b66
fcde9c84-8f38-4c44-b4cc-48f4489944a8,75057,\u82f1\u56fd\u6587\u5b66
7b057d3b-987f-4198-b5c6-0ba8904d8e1e,75061,\u6cd5\u56fd\u6587\u5b66
051d950e-853c-4990-b47e-375c686cde99,75064,\u5fb7\u56fd\u6587\u5b66
f806dc1b-524c-46c1-8f46-68254cbe4a52,75067,\u610f\u5927\u5229\u6587\u5b66
01cfa894-8570-4328-bfbd-328e532adb40,75071,\u7f8e\u56fd\u6587\u5b66
fbf7583c-2619-43cc-a376-166c34c5152c,75074,\u5317\u6b27\u6587\u5b66
2eb02754-b058-459a-8067-61c52b5d44ed,75077,\u4e1c\u6b27\u6587\u5b66
280a9995-01f3-48ba-86f9-ebbaeb2408e3,75081,\u62c9\u7f8e\u6587\u5b66
7c0147fc-8eb9-4bc5-b014-aa0716b251f0,75084,\u975e\u6d32\u6587\u5b66
fb10ff83-42ec-4061-af62-b2ce5033bdf9,75087,\u5927\u6d0b\u6d32\u6587\u5b66
577631f4-a7fd-46d3-986b-129160ba2556,75099,\u6587\u5b66\u5176\u4ed6\u5b66\u79d1
12d7140d-fcdb-4fe3-9dae-48b748fcaa5b,760,\u827a\u672f\u5b66
41020fa6-3ccf-4c3c-af69-963c0144ef71,76010,\u827a\u672f\u5fc3\u7406\u5b66
3555e6ac-e5f7-4434-b574-6ace864bd0df,76015,\u97f3\u4e50
469e3494-9bba-4759-9d89-40d2d34595a8,76020,\u620f\u5267
c4a2caaf-6c65-4326-bfaf-b50028342956,76025,\u620f\u66f2
d4caf290-e7c3-48a6-b99d-eea6224ef79d,76030,\u821e\u8e48
5570ae6b-67b1-442a-b6ef-0c1e5adc76a5,76035,\u7535\u5f71
1b8b15c8-9955-4c15-b3a2-e5e2e0793cd4,76040,\u5e7f\u64ad\u7535\u89c6\u6587\u827a
b0287ebd-100e-4b0c-b286-6b431df4c73e,76045,\u7f8e\u672f
150bd588-cfe1-4975-a523-d51327da8707,76050,\u5de5\u827a\u7f8e\u672f
1c82d47b-fbb8-4d53-be07-cf1632a9fa78,76055,\u4e66\u6cd5
03148a81-b02d-4f8b-bad2-ad538e7f8774,76060,\u6444\u5f71
c6c8e64d-4d3a-4943-b298-d5442bc729c7,76099,\u827a\u672f\u5b66\u5176\u4ed6\u5b66\u79d1
8fbf28de-481d-4dc9-97b6-6c84e2504a72,770,\u5386\u53f2\u5b66
a351a3ac-f1f9-415a-9353-c0c6d8efd147,77010,\u53f2\u5b66\u53f2
2a22a930-99a6-4872-9837-0ea97eab3a68,77015,\u53f2\u5b66\u7406\u8bba
2bef4ab1-7eb7-4c98-afdc-092b13eee00f,77020,\u5386\u53f2\u6587\u732e\u5b66
4755d141-396d-44b3-809e-86abcd7f32f7,77025,\u4e2d\u56fd\u901a\u53f2
bc6739a1-c81c-47ee-8a79-c4a4e0774225,77030,\u4e2d\u56fd\u53e4\u4ee3\u53f2
00e4c4c8-bc36-4ef8-9d7d-0b0bf938ed65,77035,\u4e2d\u56fd\u8fd1\u4ee3\u53f2\u3001\u73b0\u4ee3\u53f2
a4ba07a4-22be-43d8-9beb-51996693a1b2,77040,\u4e16\u754c\u901a\u53f2
7b68a4ea-4764-4398-81de-c55ca1177751,77045,\u4e9a\u6d32\u53f2
c46bad33-3616-4bfd-87d6-4e4dae13202f,77050,\u975e\u6d32\u53f2
d51e5781-9a30-4b00-9e2d-64d047569f1b,77055,\u7f8e\u6d32\u53f2
15c9f2b9-c534-4d63-bca3-243f88cbb219,77060,\u6b27\u6d32\u53f2
d78150e2-4b70-42b1-8dd7-5672b686b877,77065,\u6fb3\u6d32\u3001\u5927\u6d0b\u6d32\u53f2
71ebb8d0-40c9-4fd0-80f8-810ff0a79885,77070,\u4e13\u95e8\u53f2
6265aa12-ec44-490d-a465-c8c9cdcf55e1,77099,\u5386\u53f2\u5b66\u5176\u4ed6\u5b66\u79d1
29b2fafb-d8a6-4f8e-a682-828adc515115,780,\u8003\u53e4\u5b66
55a77f66-58ac-4e62-a699-3d35091d84b4,78010,\u8003\u53e4\u7406\u8bba
692aac1d-ed04-44f2-8a53-65bf84f76c95,78020,\u8003\u53e4\u5b66\u53f2
83e866b4-c76d-4f27-8646-435a50ac1231,78030,\u8003\u53e4\u6280\u672f
00348cb5-72ac-4553-b702-170934ed4509,78040,\u4e2d\u56fd\u8003\u53e4
b258f7e7-c095-4dad-b6a3-ca20fcfcf691,78050,\u5916\u56fd\u8003\u53e4
fc18abc3-a1af-4ab1-89e1-13dd532e1c7c,78060,\u4e13\u95e8\u8003\u53e4
c3680125-e002-4541-aa57-e24a919015b9,78099,\u8003\u53e4\u5b66\u5176\u4ed6\u5b66\u79d1
7109c4f4-7db4-4ca8-8e41-6f8230ad59f3,790,\u7ecf\u6d4e\u5b66
ed0b9358-ff07-4db0-8ae5-abca0bee064e,79011,\u653f\u6cbb\u7ecf\u6d4e\u5b66
a6f63a17-9c19-4f7d-9c29-bd068e01cf07,79013,\u5b8f\u89c2\u7ecf\u6d4e\u5b66
664c19b3-3576-401c-b23e-c19e40b230e1,79015,\u5fae\u89c2\u7ecf\u6d4e\u5b66
b806196f-d733-4670-a30d-e3dfca245fd3,79017,\u6bd4\u8f83\u7ecf\u6d4e\u5b66
16a5b67e-3fa3-43c6-bffb-dfb7ec336302,79019,\u7ecf\u6d4e\u5730\u7406\u5b66
5b491b0e-54b3-4105-8e94-e28b9f791aa8,79021,\u53d1\u5c55\u7ecf\u6d4e\u5b66
616cf097-b9fe-40d5-8ea0-c4ed46c9e213,79023,\u751f\u4ea7\u529b\u7ecf\u6d4e\u5b66
30953a86-e9fa-42ae-9794-bdf58079c5bc,79025,\u7ecf\u6d4e\u601d\u60f3\u53f2
b0daddd7-add7-44d2-9ca0-21532f18fe94,79027,\u7ecf\u6d4e\u53f2
75cfd470-f207-47b9-a523-b34cd9a1ea97,79029,\u4e16\u754c\u7ecf\u6d4e\u5b66
ab1bd523-5e81-484a-9f20-0108c443e719,79031,\u56fd\u6c11\u7ecf\u6d4e\u5b66
7366f82c-fee6-4a3f-a6b7-67f1ffd6458d,79033,\u7ba1\u7406\u7ecf\u6d4e\u5b66
7bf6a508-a1a4-481c-be17-714eee4a9040,79035,\u6570\u91cf\u7ecf\u6d4e\u5b66
ba6cad8b-d310-42a7-92ca-6af4b642790a,79037,\u4f1a\u8ba1\u5b66
94522d87-e96b-441a-bfd8-b9a5f9bcfbdb,79039,\u5ba1\u8ba1\u5b66
8ee2b9f4-a707-4533-8e62-16f3e1651668,79041,\u6280\u672f\u7ecf\u6d4e\u5b66
3384f332-11e5-4f78-ab4c-5d5ca0c079fb,79043,\u751f\u6001\u7ecf\u6d4e\u5b66
6bcfcde7-6fe4-4290-b70c-3f9e7449c0a5,79045,\u52b3\u52a8\u7ecf\u6d4e\u5b66
e03ec084-a014-43d3-961a-24d0e103e2d7,79047,\u57ce\u5e02\u7ecf\u6d4e\u5b66
3c74c65a-cfd7-47e9-9b37-2337f6801702,79049,\u8d44\u6e90\u7ecf\u6d4e\u5b66
16940be5-d7be-400c-9956-d57627756996,79051,\u73af\u5883\u7ecf\u6d4e\u5b66
17dde1f8-b103-4285-aa31-4a16055b8679,79052,\u53ef\u6301\u7eed\u53d1\u5c55\u7ecf\u6d4e\u5b66
4daa70cf-bdfe-4ea7-85b8-b3d17dc28781,79053,\u7269\u6d41\u7ecf\u6d4e\u5b66
c62ff8a2-21c3-410c-8f00-da88f91bf95d,79055,\u5de5\u4e1a\u7ecf\u6d4e\u5b66
1bc86d66-e3bd-438c-942b-6371e7b3a165,79057,\u519c\u6751\u7ecf\u6d4e\u5b66
6cad4014-1e8e-4342-a003-d176d97e25cb,79059,\u519c\u4e1a\u7ecf\u6d4e\u5b66
0daf3ba0-1a64-4887-895e-53943ee5aa62,79061,\u4ea4\u901a\u8fd0\u8f93\u7ecf\u6d4e\u5b66
dd4276fe-edba-41c5-b175-a2f8887f58c4,79063,\u5546\u4e1a\u7ecf\u6d4e\u5b66
8710ed9c-26a5-4cff-8303-b8771aecde4c,79065,\u4ef7\u683c\u5b66
4b656cd7-aa0f-4486-8ca9-0a1397b00fb3,79067,\u65c5\u6e38\u7ecf\u6d4e\u5b66
0efd3ae6-d802-400b-9a2e-2d1d11a08220,79069,\u4fe1\u606f\u7ecf\u6d4e\u5b66
8a975fb9-2469-475a-8ec7-262bc24516aa,79071,\u8d22\u653f\u5b66
0490b9c9-3d82-4a57-bd51-504c0d04e3fe,79073,\u91d1\u878d\u5b66
602cda1f-610c-4565-afe8-dd9b7d958372,79075,\u4fdd\u9669\u5b66
66fddf75-e0d3-4652-bfc2-0a9fe6bf062e,79077,\u56fd\u9632\u7ecf\u6d4e\u5b66
06e64869-6957-42b5-9e45-1b8ae691b0a0,79099,\u7ecf\u6d4e\u5b66\u5176\u4ed6\u5b66\u79d1
dd7d6ddb-8719-4035-84b4-c5b7e6dcc1ee,810,\u653f\u6cbb\u5b66
0a610df4-4468-4b8f-a396-c7c27536f975,81010,\u653f\u6cbb\u5b66\u7406\u8bba
454a73e7-55b1-45c4-b76f-17a68599b506,81020,\u653f\u6cbb\u5236\u5ea6
ee562067-1bbc-4dc8-b5fe-1cd4fad04efc,81030,\u884c\u653f\u5b66
3b3a5d77-90c7-46e6-bb88-50859351d226,81040,\u56fd\u9645\u653f\u6cbb\u5b66
d3401759-a74d-4d5c-83aa-2c3c973d8ab4,81099,\u653f\u6cbb\u5b66\u5176\u4ed6\u5b66\u79d1
bef55c87-0d57-4994-a71d-0f8b8a594ce5,820,\u6cd5\u5b66
2d5928e8-2d5b-492c-bd83-59f9edc5b239,82010,\u7406\u8bba\u6cd5\u5b66
dcff5e4f-faf9-4dc9-8a79-54423eaee695,82020,\u6cd5\u5f8b\u53f2\u5b66
4a78415f-203d-4310-9d99-dd3d140de8f1,82030,\u90e8\u95e8\u6cd5\u5b66
42740b73-6ae7-4e62-b1d2-084604d905a2,82040,\u56fd\u9645\u6cd5\u5b66
ef1bf9f7-2651-4adf-8c87-fecf94e2a8c7,82099,\u6cd5\u5b66\u5176\u4ed6\u5b66\u79d1
263b187e-ebd8-4daa-8610-b5a55ac55149,830,\u519b\u4e8b\u5b66
94e53ee1-a38b-4126-80eb-33714b3c280c,83010,\u519b\u4e8b\u7406\u8bba
d1426659-c688-4fc0-a87a-7c59f0ef3a30,83015,\u519b\u4e8b\u53f2
6ae0e94d-b2bf-4656-b1d4-ce5a3932bbf9,83020,\u519b\u4e8b\u5fc3\u7406\u5b66
fb047a83-a5c5-4d2d-b2f6-7405dceef614,83025,\u6218\u7565\u5b66
b8e0c886-a764-46da-a618-9a0b7d222998,83030,\u6218\u5f79\u5b66
bbd46199-dcf6-4af1-b221-42fc92e76f6c,83035,\u6218\u672f\u5b66
f38ce63f-7a2c-4423-95aa-b1e726d3fdce,83040,\u519b\u961f\u6307\u6325\u5b66
8a3e4836-0ed5-4405-8152-51204d894f7a,83045,\u519b\u5236\u5b66
12dcc882-1ae1-456e-8794-e0ee89ef3873,83050,\u519b\u961f\u653f\u6cbb\u5de5\u4f5c\u5b66
8839e208-dadd-43d7-b16a-c2c7e511238d,83055,\u519b\u4e8b\u540e\u52e4\u5b66
36431610-92ff-418a-8de1-c4e23e47b9a2,83060,\u519b\u4e8b\u5730\u5b66
4c7e0405-489e-4f1a-8639-a9689ff47418,83065,\u519b\u4e8b\u6280\u672f
5080151c-c6ad-4bab-88f6-82c702a9c348,83099,\u519b\u4e8b\u5b66\u5176\u4ed6\u5b66\u79d1
a3062b83-9903-46ca-b929-32289a26c14a,840,\u793e\u4f1a\u5b66
7468d858-5661-45b9-a13a-1103d888ee80,84011,\u793e\u4f1a\u5b66\u53f2
974cfda1-d7e6-4407-be3b-434878c61ce2,84014,\u793e\u4f1a\u5b66\u7406\u8bba
cb11b31f-df25-42ae-9732-98e057cd280c,84017,\u793e\u4f1a\u5b66\u65b9\u6cd5
84de9180-e59c-4ac5-9855-61c68f081505,84021,\u5b9e\u9a8c\u793e\u4f1a\u5b66
8f894837-7352-4e69-9392-8d6daacb9325,84024,\u6570\u7406\u793e\u4f1a\u5b66
1b41bcca-33e5-42d2-ae98-1b63e122340d,84027,\u5e94\u7528\u793e\u4f1a\u5b66
155d77d7-083e-4b14-a340-11c125bc6b04,84031,\u6bd4\u8f83\u793e\u4f1a\u5b66
e83b7e91-9187-4bc1-972b-247c78ac7532,84034,\u793e\u4f1a\u5730\u7406\u5b66
bf9d03b8-ce85-4725-8bc3-7802ad646e02,84037,\u6587\u5316\u793e\u4f1a\u5b66
82124db1-2c7f-40ae-9c94-d7a72ca125ec,84041,\u5386\u53f2\u793e\u4f1a\u5b66
b7f57627-8571-4790-8615-45d6940b3196,84044,\u7ecf\u6d4e\u793e\u4f1a\u5b66
3b54e8fb-f3b8-4dfb-a716-707467f1c4c2,84047,\u519b\u4e8b\u793e\u4f1a\u5b66
85d197bc-af5d-4796-a5ab-ef2b0ab0104b,84054,\u516c\u5171\u5173\u7cfb\u5b66
25084876-de19-4356-a606-fe969e35871c,84057,\u793e\u4f1a\u4eba\u7c7b\u5b66
ff0bd069-1875-4a40-ac32-de0059c7269f,84061,\u7ec4\u7ec7\u793e\u4f1a\u5b66
2a9794e8-5dac-4a42-9fec-d47bdf27a162,84064,\u53d1\u5c55\u793e\u4f1a\u5b66
7ecef656-12c6-4622-aa8d-61f3dc38cdee,84067,\u798f\u5229\u793e\u4f1a\u5b66
2e01cff4-9ae8-4c66-852c-62e4c6afadba,84071,\u4eba\u53e3\u5b66
c779eb56-aabe-48a0-abd7-ea7b53060aee,84074,\u52b3\u52a8\u79d1\u5b66
95d6d765-e941-4f41-911c-1252cbcd82b1,84099,\u793e\u4f1a\u5b66\u5176\u4ed6\u5b66\u79d1
139cbfc7-610e-4cab-9910-e831cf0636b0,850,\u6c11\u65cf\u5b66\u4e0e\u6587\u5316\u5b66
52d9d1d6-06cb-4deb-98cf-a0fb220b3afb,85010,\u6c11\u65cf\u95ee\u9898\u7406\u8bba
e96f4c2c-d57f-4bea-b1b6-f3185d54338d,85020,\u6c11\u65cf\u53f2\u5b66
21bd7575-5363-4849-84fc-f30bd6b38028,85030,\u8499\u53e4\u5b66
cb2c8f32-4d92-46a2-9002-ffa2a4f8cc11,85040,\u85cf\u5b66
e2e73770-af77-4da3-be85-fdb2c9741ef5,85042,\u65b0\u7586\u6c11\u65cf\u7814\u7a76
21d147dd-fbf5-42f7-92eb-f94f5878b5ff,85050,\u6587\u5316\u4eba\u7c7b\u5b66\u4e0e\u6c11\u4fd7\u5b66
1b3ae1c9-006a-4c7a-a377-4f1ae8ff8a52,85060,\u4e16\u754c\u6c11\u65cf\u7814\u7a76
369985dd-7dca-4bc5-a566-03a352134fda,85070,\u6587\u5316\u5b6